Date,cad_ig_er_index,cad_ig_sprds,vix,us_hy_er_index,us_ig_er_index
2002-11-29,1.0143,69.8153,27.5,0.4183,1.015
2002-12-31,1.0146,77.3398,28.62,0.4134,1.0195
2003-01-31,1.0155,74.888,31.17,0.4285,1.0269
2003-02-28,1.0159,106.9295,29.63,0.4265,1.0303
2003-03-31,1.0142,117.3892,29.15,0.4406,1.0351
2003-04-30,1.0206,95.3759,21.21,0.4645,1.0508
2003-05-30,1.0221,98.6377,19.47,0.4562,1.0545
2003-06-30,1.0226,89.2583,19.52,0.4722,1.0586
2003-07-31,1.029,89.3653,19.49,0.4884,1.0591
2003-08-29,1.0299,76.5785,18.63,0.4911,1.0616
2003-09-30,1.0316,68.5642,22.72,0.4898,1.0674
2003-10-31,1.0324,72.0491,16.1,0.5074,1.0726
2003-11-28,1.0352,79.6939,16.32,0.5145,1.0767
2003-12-31,1.0384,66.9422,18.31,0.5215,1.0794
2004-01-30,1.0409,54.1434,16.63,0.527,1.0815
2004-02-27,1.0437,56.9911,14.55,0.5192,1.0815
2004-03-31,1.0423,64.7978,16.74,0.5179,1.0816
2004-04-30,1.0428,54.2266,17.19,0.5315,1.0824
2004-06-30,1.0395,62.2998,14.34,0.5297,1.0787
2004-07-30,1.04,68.3886,15.32,0.5318,1.0818
2004-08-31,1.0402,67.0551,15.29,0.5312,1.0851
2004-09-30,1.0411,67.4617,13.34,0.5376,1.089
2004-10-29,1.0414,66.6773,16.27,0.543,1.091
2004-11-30,1.0453,63.7929,13.24,0.557,1.0946
2004-12-31,1.0474,59.9732,13.29,0.5598,1.0987
2005-01-31,1.0485,58.3448,12.82,0.555,1.0994
2005-02-28,1.0501,55.963,12.08,0.5678,1.1018
2005-03-31,1.0501,59.0107,14.02,0.5531,1.0908
2005-04-29,1.0487,64.8292,15.31,0.5382,1.0858
2005-05-31,1.0515,62.2992,13.29,0.5412,1.0875
2005-06-30,1.0543,56.0973,12.04,0.5484,1.0897
2005-07-29,1.0574,54.1503,11.57,0.5657,1.0938
2005-08-31,1.0595,52.3634,12.6,0.5579,1.0932
2005-09-30,1.059,54.0686,11.92,0.5598,1.09
2005-10-31,1.0586,54.3681,15.32,0.5602,1.0859
2005-11-30,1.0581,60.2946,12.06,0.5604,1.087
2005-12-30,1.059,62.3236,12.07,0.5595,1.0867
2006-01-31,1.0579,58.7572,12.95,0.5701,1.0877
2006-02-28,1.0576,59.464,12.34,0.5731,1.091
2006-03-31,1.0569,59.6169,11.39,0.5828,1.0874
2006-04-28,1.0561,58.7984,11.59,0.5888,1.0881
2006-05-31,1.0565,59.4859,16.44,0.5885,1.0859
2006-06-30,1.0526,60.8809,13.08,0.5846,1.0838
2006-07-31,1.0533,63.8298,14.95,0.5831,1.0862
2006-08-31,1.0559,62.8265,12.31,0.584,1.0904
2006-09-29,1.0575,62.267,11.98,0.5868,1.0927
2006-10-31,1.0603,60.9881,11.1,0.5918,1.096
2006-11-30,1.0618,59.3404,10.91,0.5955,1.1006
2006-12-29,1.0619,58.409,11.56,0.607,1.0996
2007-01-31,1.0638,56.6989,10.42,0.6148,1.1014
2007-02-28,1.0665,54.4802,15.42,0.6132,1.1058
2007-03-30,1.0631,56.8919,14.64,0.6142,1.1
2007-04-30,1.0556,66.4799,14.22,0.619,1.1024
2007-05-31,1.0545,67.9946,13.05,0.6292,1.1012
2007-06-29,1.0494,71.2907,16.23,0.6182,1.0963
2007-07-31,1.0358,87.1666,23.52,0.5866,1.0809
2007-08-31,1.0312,96.7682,23.38,0.5854,1.0729
2007-09-28,1.0234,111.097,18.0,0.5975,1.0753
2007-10-31,1.0263,103.5735,18.53,0.5964,1.0798
2007-11-30,1.0025,138.9825,22.87,0.5661,1.0539
2007-12-31,1.0051,135.7776,22.5,0.5673,1.0547
2008-01-31,0.9966,143.9375,26.2,0.5459,1.0391
2008-02-29,0.9885,155.8427,26.54,0.5323,1.0285
2008-03-31,0.9694,179.8459,25.61,0.5269,1.0084
2008-04-30,0.9787,167.5598,20.79,0.5592,1.0355
2008-05-30,0.9846,162.5638,17.83,0.5678,1.0377
2008-06-30,0.9797,170.7623,23.95,0.5476,1.023
2008-07-31,0.9769,177.0386,22.94,0.5381,1.0111
2008-08-29,0.9627,198.1831,20.65,0.5333,1.0058
2008-09-30,0.9322,245.4849,39.39,0.4878,0.922
2008-10-31,0.8973,301.755,59.89,0.4106,0.8635
2008-11-28,0.8865,326.5419,55.84,0.3536,0.8534
2008-12-31,0.8441,386.8321,40.0,0.3683,0.8815
2009-01-30,0.8577,355.4325,44.84,0.4021,0.9121
2009-02-27,0.8542,344.7549,46.35,0.3917,0.8989
2009-03-31,0.8616,331.8192,44.14,0.3956,0.8761
2009-04-30,0.8896,288.9757,36.5,0.4517,0.9234
2009-05-29,0.9374,233.6605,28.92,0.487,0.9692
2009-06-30,0.9647,200.5282,26.35,0.502,0.9978
2009-07-31,0.9999,157.6175,25.92,0.5303,1.0365
2009-08-31,1.0087,150.8673,26.01,0.5355,1.0462
2009-09-30,1.0123,144.9414,25.61,0.5616,1.0566
2009-10-30,1.0315,126.1307,30.69,0.572,1.0645
2009-11-30,1.0295,130.9216,24.51,0.5698,1.0649
2009-12-31,1.0396,124.234,21.68,0.6043,1.0849
2010-01-29,1.0498,111.2745,24.62,0.6024,1.0855
2010-02-26,1.0547,108.6983,19.5,0.6011,1.0851
2010-03-31,1.062,104.3428,17.59,0.6252,1.0976
2010-04-30,1.0568,117.794,22.05,0.6332,1.106
2010-06-30,1.0383,141.4752,34.54,0.5966,1.0843
2010-07-30,1.0471,127.8197,23.5,0.6136,1.0981
2010-08-31,1.0383,141.16,26.05,0.6018,1.0978
2010-09-30,1.0478,123.2413,23.7,0.6198,1.1052
2010-10-29,1.0493,126.3864,21.2,0.6368,1.1083
2010-11-30,1.0503,128.8803,23.54,0.6338,1.107
2010-12-31,1.0569,124.6659,17.75,0.6571,1.117
2011-01-31,1.0665,116.7963,19.53,0.6717,1.1195
2011-02-28,1.0732,108.4381,18.35,0.681,1.1292
2011-03-31,1.0661,120.4594,17.74,0.6837,1.1284
2011-04-29,1.0696,115.2859,14.75,0.6863,1.1347
2011-05-31,1.0717,116.4105,15.45,0.6791,1.1334
2011-06-30,1.0679,121.1998,16.52,0.6748,1.1272
2011-07-29,1.0645,121.2426,25.25,0.6704,1.135
2011-08-31,1.0396,155.5471,31.62,0.6261,1.105
2011-09-30,1.0324,162.7261,42.96,0.5953,1.0888
2011-10-31,1.0374,159.9931,29.96,0.6361,1.1174
2011-11-30,1.0303,168.8691,27.8,0.6178,1.0874
2011-12-30,1.0317,165.3526,23.4,0.6281,1.1
2012-01-31,1.0383,154.2383,19.44,0.6445,1.1196
2012-02-29,1.0485,144.5811,18.43,0.6645,1.1372
2012-03-30,1.062,132.6773,15.5,0.6703,1.1376
2012-04-30,1.0584,138.7548,17.15,0.6676,1.1369
2012-05-31,1.0462,159.3879,24.06,0.6478,1.1262
2012-06-29,1.0464,159.7952,17.08,0.6638,1.1341
2012-07-31,1.0532,150.624,18.93,0.6697,1.1551
2012-08-31,1.0636,140.5421,17.47,0.6784,1.1592
2012-09-28,1.0716,131.5506,15.73,0.69,1.1709
2012-10-31,1.0769,128.6775,18.6,0.6972,1.188
2012-11-30,1.0796,125.1355,15.87,0.6991,1.18
2012-12-31,1.0859,122.1959,18.02,0.7133,1.1844
2013-01-31,1.0954,116.0873,14.28,0.7287,1.1834
2013-02-28,1.0992,113.4014,15.51,0.7286,1.1863
2013-04-30,1.1014,111.7043,13.52,0.742,1.1963
2013-05-31,1.1094,106.9756,16.3,0.7505,1.1886
2013-06-28,1.1049,114.9891,16.86,0.7389,1.1686
2013-07-31,1.1106,111.5302,13.45,0.7537,1.1797
2013-08-30,1.1109,115.587,17.01,0.7528,1.1771
2013-09-30,1.1084,117.8366,16.6,0.755,1.177
2013-10-31,1.1126,117.6732,13.75,0.7702,1.1887
2013-11-29,1.118,111.2398,13.7,0.7767,1.1902
2013-12-31,1.1226,110.5182,13.72,0.788,1.1992
2014-01-31,1.1244,108.8171,18.41,0.7829,1.2046
2014-02-28,1.1293,104.4836,14.0,0.7966,1.2138
2014-03-31,1.1323,99.952,13.88,0.8008,1.2181
2014-04-30,1.1349,99.282,13.41,0.8014,1.2259
2014-05-30,1.1363,98.8332,11.4,0.8012,1.2311
2014-06-30,1.1382,98.8193,11.57,0.8091,1.2338
2014-07-31,1.138,98.0908,16.95,0.7996,1.2351
2014-08-29,1.1338,101.1509,11.98,0.8038,1.2398
2014-09-30,1.1346,102.6797,16.31,0.7913,1.2287
2014-10-31,1.1294,113.0387,14.03,0.793,1.2293
2014-11-28,1.1287,112.2512,13.33,0.7809,1.2277
2014-12-31,1.1258,118.6777,19.2,0.7685,1.2267
2015-01-30,1.1207,124.1859,20.97,0.7541,1.232
2015-02-27,1.1256,121.3661,13.34,0.7844,1.2387
2015-03-31,1.1285,120.8252,15.29,0.7752,1.2348
2015-04-30,1.1341,118.4654,14.55,0.7887,1.2327
2015-05-29,1.136,118.4956,13.84,0.7925,1.2268
2015-06-30,1.1327,125.9939,18.23,0.7877,1.215
2015-07-31,1.124,136.3412,12.12,0.7766,1.2131
2015-08-31,1.1165,146.873,28.43,0.7627,1.2054
2015-09-30,1.1147,151.8625,24.5,0.7364,1.2038
2015-10-30,1.1162,153.1215,15.07,0.7594,1.2133
2015-11-30,1.1214,147.0925,16.13,0.7456,1.2156
2015-12-31,1.1134,158.0132,18.21,0.728,1.2081
2016-01-29,1.0977,176.0898,20.2,0.7014,1.1871
2016-02-29,1.0933,184.6281,20.55,0.6992,1.1861
2016-03-31,1.1183,162.6811,13.95,0.7291,1.2171
2016-04-29,1.1401,141.0237,15.7,0.7584,1.2351
2016-05-31,1.134,148.2425,14.19,0.7631,1.2341
2016-06-30,1.1314,154.6207,15.63,0.7535,1.2347
2016-07-29,1.1376,148.5261,11.87,0.7708,1.2476
2016-08-31,1.1437,143.7911,13.42,0.7912,1.257
2016-09-30,1.1462,143.2922,13.29,0.7976,1.2555
2016-10-31,1.1553,139.5117,17.06,0.8096,1.2592
2016-11-28,1.1805,131.8386,13.15,0.8254,1.2579
2016-11-29,1.18,130.7234,12.9,0.8238,1.2587
2016-11-30,1.1684,129.5644,13.33,0.8278,1.259
2016-12-01,1.1745,129.5361,14.07,0.831,1.259
2016-12-02,1.1718,129.3366,14.12,0.8295,1.2595
2016-12-05,1.1709,128.6912,12.14,0.831,1.2604
2016-12-06,1.1715,127.648,11.79,0.8341,1.2606
2016-12-07,1.1683,127.8046,12.22,0.8351,1.2621
2016-12-08,1.1729,126.5379,12.64,0.838,1.2614
2016-12-09,1.1781,126.6013,11.75,0.8426,1.2605
2016-12-12,1.1802,126.0127,12.64,0.844,1.2611
2016-12-13,1.1805,125.8107,12.72,0.8454,1.2629
2016-12-14,1.1828,125.9805,13.19,0.8475,1.2635
2016-12-15,1.1863,126.1686,12.79,0.8463,1.2626
2016-12-16,1.1865,124.6897,12.2,0.8468,1.2632
2016-12-19,1.183,125.3409,11.71,0.8451,1.2646
2016-12-20,1.1846,124.9359,11.45,0.8465,1.2648
2016-12-21,1.1852,125.3224,11.27,0.8459,1.2657
2016-12-22,1.1863,124.4491,11.43,0.8466,1.2662
2016-12-23,1.1844,124.4519,11.44,0.8466,1.2665
2016-12-27,1.1841,124.1797,11.99,0.8488,1.267
2016-12-28,1.1791,124.8096,12.95,0.8467,1.2676
2016-12-29,1.1781,122.21,13.37,0.8457,1.268
2016-12-30,1.1753,123.7665,14.04,0.844,1.2688
2017-01-03,1.178,123.3712,12.85,0.8468,1.2698
2017-01-04,1.1752,123.6178,11.85,0.8499,1.2708
2017-01-05,1.1715,123.9612,11.67,0.8473,1.2715
2017-01-06,1.1759,124.1695,11.32,0.8506,1.2706
2017-01-09,1.1736,123.8593,11.56,0.8492,1.271
2017-01-10,1.1723,123.9919,11.49,0.8501,1.2705
2017-01-11,1.1724,123.1437,11.26,0.8494,1.2705
2017-01-12,1.1709,122.2442,11.54,0.849,1.2709
2017-01-13,1.1762,121.0534,11.23,0.8504,1.2708
2017-01-17,1.1709,121.434,11.87,0.8482,1.2714
2017-01-18,1.1734,121.4647,12.48,0.8509,1.2704
2017-01-19,1.1767,121.124,12.78,0.8529,1.2697
2017-01-20,1.1759,120.156,11.54,0.8525,1.2695
2017-01-23,1.1707,120.4809,11.77,0.8491,1.2702
2017-01-24,1.1753,119.9189,11.07,0.8531,1.27
2017-01-25,1.1808,119.0171,10.81,0.8572,1.2697
2017-01-26,1.1805,118.8588,10.63,0.8568,1.2702
2017-01-27,1.1776,118.3069,10.58,0.8561,1.2708
2017-01-30,1.1775,117.5651,11.88,0.856,1.2704
2017-01-31,1.1844,116.8822,11.99,0.8543,1.2698
2017-02-01,1.1851,117.5485,11.81,0.8562,1.2696
2017-02-02,1.1845,116.5587,11.93,0.8567,1.2697
2017-02-03,1.1854,116.3817,10.97,0.8595,1.2697
2017-02-06,1.1809,116.1956,11.37,0.8566,1.2703
2017-02-07,1.1795,115.5111,11.29,0.8561,1.2711
2017-02-08,1.1745,115.6274,11.45,0.8532,1.2713
2017-02-09,1.1789,115.4024,10.88,0.8558,1.2708
2017-02-10,1.1803,114.7142,10.85,0.857,1.271
2017-02-13,1.1825,113.883,11.07,0.859,1.2719
2017-02-14,1.185,112.6401,10.74,0.8612,1.2727
2017-02-15,1.1862,112.6342,11.97,0.8633,1.2731
2017-02-16,1.1833,111.6884,11.76,0.8607,1.2733
2017-02-17,1.1806,111.9744,11.49,0.8594,1.2731
2017-02-21,1.1812,111.5754,11.57,0.8612,1.2732
2017-02-22,1.1804,110.9385,11.74,0.8619,1.2745
2017-02-23,1.1783,110.836,11.71,0.8619,1.2753
2017-02-24,1.1736,111.5522,11.47,0.8588,1.2764
2017-02-27,1.1761,111.5658,12.09,0.8618,1.2769
2017-02-28,1.1898,111.4123,12.92,0.8625,1.2781
2017-03-01,1.1958,110.0077,12.54,0.87,1.2785
2017-03-02,1.1955,110.0457,11.81,0.8711,1.2786
2017-03-03,1.1957,109.2057,10.96,0.87,1.2785
2017-03-06,1.195,108.9384,11.24,0.8686,1.279
2017-03-07,1.1978,107.7841,11.45,0.8669,1.2777
2017-03-08,1.2016,107.6589,11.86,0.8656,1.2755
2017-03-09,1.2029,108.7368,12.3,0.8638,1.273
2017-03-10,1.2034,109.4189,11.66,0.8632,1.2731
2017-03-13,1.2085,108.0226,11.35,0.8627,1.2728
2017-03-14,1.2053,109.1744,12.3,0.8587,1.2718
2017-03-15,1.1998,110.1286,11.63,0.8569,1.2731
2017-03-16,1.2025,109.5129,11.21,0.8618,1.2738
2017-03-17,1.1999,109.4472,11.28,0.8609,1.2739
2017-03-20,1.1962,110.8399,11.34,0.8592,1.2748
2017-03-21,1.1952,109.9426,12.47,0.8559,1.2751
2017-03-22,1.1941,110.5295,12.81,0.8517,1.2751
2017-03-23,1.1943,110.2114,13.12,0.8533,1.2747
2017-03-24,1.1907,110.4035,12.96,0.8536,1.275
2017-03-27,1.1883,111.7528,12.5,0.8523,1.2755
2017-03-28,1.1893,111.0349,11.53,0.8558,1.2757
2017-03-29,1.1869,110.7243,11.42,0.8573,1.2762
2017-03-30,1.1901,109.7701,11.54,0.8612,1.2759
2017-03-31,1.1921,110.2129,12.37,0.861,1.2757
2017-04-03,1.1879,112.6055,12.38,0.8592,1.2764
2017-04-04,1.1881,111.0482,11.79,0.8595,1.2762
2017-04-05,1.1866,110.6902,12.89,0.8612,1.2766
2017-04-06,1.1863,110.2458,12.39,0.8607,1.2767
2017-04-07,1.1895,109.6537,12.87,0.8627,1.2771
2017-04-10,1.19,109.1999,14.05,0.8627,1.2778
2017-04-11,1.1861,109.2592,15.07,0.8595,1.2784
2017-04-12,1.1845,109.0779,15.77,0.8589,1.2784
2017-04-13,1.1823,109.6231,15.96,0.856,1.2784
2017-04-17,1.1831,108.6526,14.66,0.8571,1.2782
2017-04-18,1.1779,109.1523,14.42,0.853,1.2786
2017-04-19,1.1793,109.1643,14.93,0.8548,1.2785
2017-04-20,1.1812,108.4882,14.15,0.8568,1.2776
2017-04-21,1.1799,108.4165,14.63,0.8569,1.2782
2017-04-24,1.1815,107.5846,10.84,0.8605,1.2784
2017-04-25,1.1841,106.7893,10.76,0.8643,1.2783
2017-04-26,1.1815,106.3642,10.85,0.8647,1.2791
2017-04-27,1.1819,106.1202,10.36,0.8642,1.2796
2017-04-28,1.1999,106.7112,10.82,0.8649,1.2804
2017-05-01,1.2025,106.2727,10.11,0.8674,1.2801
2017-05-02,1.1973,106.0879,10.59,0.8666,1.2807
2017-05-03,1.1993,106.0105,10.68,0.867,1.281
2017-05-04,1.1985,105.8505,10.46,0.8672,1.2808
2017-05-05,1.1991,106.485,10.57,0.8666,1.2812
2017-05-08,1.2016,105.9703,9.77,0.8679,1.2812
2017-05-09,1.204,106.3181,9.96,0.8698,1.2819
2017-05-10,1.2059,107.0521,10.21,0.8707,1.2829
2017-05-11,1.2031,108.969,10.6,0.8708,1.2834
2017-05-12,1.2003,110.0531,10.4,0.8681,1.2845
2017-05-15,1.202,109.4561,10.42,0.8696,1.2853
2017-05-16,1.2006,109.7388,10.65,0.8697,1.2856
2017-05-17,1.1928,110.4808,15.59,0.8637,1.2867
2017-05-18,1.1916,113.718,14.66,0.8639,1.2854
2017-05-19,1.1937,113.5849,12.04,0.8659,1.2856
2017-05-22,1.1935,113.3008,10.93,0.8673,1.2861
2017-05-23,1.1958,113.1549,10.72,0.8693,1.286
2017-05-24,1.1946,113.5415,10.02,0.8688,1.2856
2017-05-25,1.1938,113.4636,9.99,0.8688,1.2858
2017-05-26,1.1922,114.1774,9.81,0.8687,1.2859
2017-05-30,1.1902,114.4346,10.38,0.8678,1.2867
2017-05-31,1.1959,114.7817,10.41,0.8667,1.2867
2017-06-01,1.1968,116.1496,9.89,0.8684,1.2867
2017-06-02,1.1949,117.5111,9.75,0.8666,1.2878
2017-06-05,1.1955,116.85,10.07,0.8681,1.2878
2017-06-06,1.1946,116.7772,10.45,0.8666,1.2884
2017-06-07,1.194,116.5854,10.39,0.8673,1.2881
2017-06-08,1.1949,116.2905,10.16,0.8674,1.2879
2017-06-09,1.1957,115.5484,10.7,0.8678,1.2882
2017-06-12,1.2004,114.7966,11.46,0.8691,1.2883
2017-06-13,1.2079,113.5761,10.42,0.8698,1.2889
2017-06-14,1.2033,113.2941,10.64,0.8666,1.2906
2017-06-15,1.2061,113.1214,10.9,0.8667,1.2906
2017-06-16,1.2058,113.2389,10.38,0.866,1.2905
2017-06-19,1.2079,111.9116,10.37,0.8676,1.291
2017-06-20,1.2053,111.8589,10.86,0.8638,1.2914
2017-06-21,1.2042,112.0052,10.75,0.8617,1.2916
2017-06-22,1.2054,111.5625,10.48,0.8611,1.2914
2017-06-23,1.204,111.5532,10.02,0.861,1.2918
2017-06-26,1.2029,111.2449,9.9,0.8615,1.2926
2017-06-27,1.2108,110.5585,11.06,0.8648,1.2925
2017-06-28,1.2157,110.2605,10.03,0.8658,1.2923
2017-06-29,1.2219,109.5035,11.44,0.8676,1.2925
2017-06-30,1.1992,109.3503,11.18,0.8693,1.2928
2017-07-03,1.199,109.7165,11.22,0.8715,1.2928
2017-07-05,1.2016,109.4372,11.07,0.8711,1.2935
2017-07-06,1.2039,109.3428,12.54,0.8719,1.2935
2017-07-07,1.2072,109.3763,11.19,0.8713,1.2937
2017-07-10,1.2072,109.0827,11.11,0.8704,1.2943
2017-07-11,1.2053,109.0998,10.89,0.8703,1.2946
2017-07-12,1.2073,109.1102,10.3,0.8703,1.2954
2017-07-13,1.2111,108.5111,9.9,0.8719,1.2955
2017-07-14,1.2091,108.2062,9.51,0.8724,1.2962
2017-07-17,1.2082,107.5331,9.82,0.8735,1.2972
2017-07-18,1.2059,107.5036,9.89,0.8724,1.2983
2017-07-19,1.209,107.3203,9.79,0.8736,1.2986
2017-07-20,1.2078,107.1933,9.58,0.8743,1.299
2017-07-21,1.2077,107.2604,9.36,0.8728,1.2997
2017-07-24,1.2109,106.9337,9.43,0.8744,1.2997
2017-07-25,1.219,106.0134,9.43,0.8784,1.299
2017-07-26,1.2139,105.5869,9.6,0.8771,1.2995
2017-07-27,1.2161,104.9144,10.11,0.8784,1.2995
2017-07-28,1.2186,104.8012,10.29,0.8774,1.3002
2017-07-31,1.2076,104.3404,10.26,0.8775,1.3
2017-08-01,1.1992,105.1574,10.09,0.876,1.3009
2017-08-02,1.1979,105.2412,10.28,0.8764,1.3007
2017-08-03,1.195,105.0293,10.44,0.8742,1.3003
2017-08-04,1.1971,104.8903,10.03,0.876,1.2992
2017-08-07,1.1969,104.7648,9.93,0.8756,1.2987
2017-08-08,1.1977,104.8747,10.96,0.8761,1.2971
2017-08-09,1.1952,105.5477,11.11,0.871,1.2952
2017-08-10,1.1908,106.4616,16.04,0.8673,1.294
2017-08-11,1.1908,107.423,15.51,0.8653,1.292
2017-08-14,1.1923,107.2892,12.33,0.8679,1.2933
2017-08-15,1.1941,107.5865,12.04,0.8699,1.2938
2017-08-16,1.192,108.0137,11.74,0.8687,1.2949
2017-08-17,1.19,108.5866,15.55,0.8666,1.295
2017-08-18,1.1916,109.2067,14.26,0.8654,1.2945
2017-08-21,1.1926,109.1653,13.19,0.865,1.2945
2017-08-22,1.1957,109.0881,11.35,0.8669,1.2945
2017-08-23,1.193,109.4174,12.25,0.8653,1.295
2017-08-24,1.1934,109.187,12.23,0.8671,1.295
2017-08-25,1.1919,109.1962,11.28,0.867,1.2956
2017-08-28,1.1911,109.0826,11.32,0.8673,1.2958
2017-08-29,1.1881,109.6715,11.7,0.8665,1.2952
2017-08-30,1.1886,109.6046,11.22,0.8675,1.2955
2017-08-31,1.2043,109.291,10.59,0.8678,1.2961
2017-09-01,1.2094,109.3561,10.13,0.8702,1.296
2017-09-05,1.2056,109.4973,12.23,0.8662,1.2964
2017-09-06,1.2126,109.4863,11.63,0.8688,1.2952
2017-09-07,1.2128,110.0165,11.55,0.8666,1.2952
2017-09-08,1.217,110.0582,12.12,0.8661,1.2943
2017-09-11,1.2199,109.8805,10.73,0.8697,1.2939
2017-09-12,1.2214,109.8384,10.58,0.8719,1.2944
2017-09-13,1.223,109.6853,10.5,0.8733,1.2951
2017-09-14,1.2225,109.7981,10.44,0.8738,1.2964
2017-09-15,1.2246,109.5905,10.17,0.8741,1.2976
2017-09-18,1.2231,109.1582,10.15,0.8762,1.2983
2017-09-19,1.2244,108.7085,10.18,0.8772,1.2994
2017-09-20,1.2246,108.3181,9.78,0.8793,1.3002
2017-09-21,1.2266,108.0937,9.67,0.8789,1.3005
2017-09-22,1.2257,107.9542,9.59,0.8781,1.3006
2017-09-25,1.2239,107.5036,10.21,0.8768,1.3015
2017-09-26,1.225,107.2918,10.17,0.878,1.302
2017-09-27,1.2259,107.0621,9.87,0.8818,1.302
2017-09-28,1.2255,106.4173,9.55,0.882,1.3031
2017-09-29,1.2086,106.4224,9.51,0.8831,1.305
2017-10-02,1.211,107.4575,9.45,0.8838,1.3061
2017-10-03,1.2101,107.361,9.51,0.8839,1.3074
2017-10-04,1.2096,107.023,9.63,0.8844,1.3075
2017-10-05,1.208,106.9327,9.19,0.8859,1.3076
2017-10-06,1.2101,106.5794,9.65,0.8866,1.3077
2017-10-10,1.2094,106.5145,10.08,0.8857,1.3083
2017-10-11,1.2082,106.4643,9.85,0.886,1.3084
2017-10-12,1.2065,106.5489,9.91,0.8846,1.3081
2017-10-13,1.2024,106.7225,9.61,0.8824,1.309
2017-10-16,1.2018,106.5449,9.91,0.8844,1.3093
2017-10-17,1.2004,106.4045,10.31,0.8845,1.3096
2017-10-18,1.2017,105.9402,10.07,0.8872,1.3094
2017-10-19,1.2002,105.8003,10.05,0.8863,1.3098
2017-10-20,1.2012,104.7333,9.97,0.8898,1.3103
2017-10-23,1.2005,104.197,11.07,0.89,1.3113
2017-10-24,1.2029,103.6504,11.16,0.8914,1.3115
2017-10-25,1.2006,103.3352,11.23,0.8915,1.3108
2017-10-26,1.2003,102.7005,11.3,0.8919,1.3112
2017-10-27,1.1967,102.5176,9.8,0.8902,1.3117
2017-10-30,1.194,102.2878,10.5,0.8877,1.3127
2017-10-31,1.2128,101.8726,10.18,0.8879,1.3119
2017-11-01,1.2146,101.9073,10.2,0.8882,1.3121
2017-11-02,1.2136,101.561,9.93,0.8863,1.3116
2017-11-03,1.2138,101.4987,9.14,0.8861,1.3114
2017-11-06,1.2113,101.0997,9.4,0.8849,1.3108
2017-11-07,1.2084,100.5949,9.89,0.8832,1.3096
2017-11-08,1.2099,100.4626,9.78,0.8816,1.3091
2017-11-09,1.2119,100.6908,10.5,0.8788,1.3076
2017-11-10,1.2144,100.5845,11.29,0.882,1.3059
2017-11-13,1.2142,100.4715,11.5,0.8819,1.3064
2017-11-14,1.2136,100.7454,11.59,0.8789,1.3059
2017-11-15,1.2097,101.6002,13.13,0.8741,1.3051
2017-11-16,1.2141,101.1704,11.76,0.8798,1.3061
2017-11-17,1.212,101.0213,11.43,0.8799,1.307
2017-11-20,1.2136,100.7371,10.65,0.8815,1.308
2017-11-21,1.2107,101.1085,9.73,0.8823,1.31
2017-11-22,1.2092,101.2138,9.88,0.8811,1.3109
2017-11-24,1.2077,101.133,9.67,0.8824,1.311
2017-11-27,1.206,101.0318,9.87,0.8825,1.3112
2017-11-28,1.2044,101.1162,10.03,0.8827,1.3116
2017-11-29,1.2076,100.8122,10.7,0.885,1.3112
2017-11-30,1.2139,100.8256,11.28,0.8869,1.3118
2017-12-01,1.2167,101.2932,11.43,0.884,1.3129
2017-12-04,1.2187,100.9062,11.68,0.886,1.3138
2017-12-05,1.2165,100.8303,11.33,0.8851,1.3152
2017-12-06,1.2124,100.764,11.02,0.8833,1.3151
2017-12-07,1.2122,100.8435,10.16,0.8851,1.3139
2017-12-08,1.2131,100.6204,9.58,0.8853,1.314
2017-12-11,1.2136,100.1943,9.34,0.886,1.3146
2017-12-12,1.214,99.962,9.92,0.8869,1.315
2017-12-13,1.2119,100.0264,10.18,0.8839,1.3158
2017-12-14,1.2143,99.3714,10.49,0.8831,1.3168
2017-12-15,1.2118,99.1494,9.42,0.8832,1.3177
2017-12-18,1.2139,98.5662,9.53,0.885,1.3169
2017-12-19,1.2193,98.1899,10.03,0.8882,1.3159
2017-12-20,1.2233,97.6683,9.72,0.8899,1.3156
2017-12-21,1.2277,97.7727,9.62,0.8891,1.3169
2017-12-22,1.2268,90.6082,9.9,0.8895,1.317
2017-12-26,1.2265,97.6708,10.25,0.8889,1.3179
2017-12-27,1.2239,97.6111,10.47,0.8865,1.3194
2017-12-28,1.2277,94.4506,10.18,0.8876,1.3195
2017-12-29,1.2188,96.8237,11.04,0.8868,1.3197
2018-01-02,1.2214,97.121,9.77,0.8905,1.3179
2018-01-03,1.2188,97.0555,9.15,0.8919,1.3187
2018-01-04,1.2211,96.4364,9.22,0.8947,1.319
2018-01-05,1.2271,95.0943,9.22,0.8969,1.3193
2018-01-08,1.2276,94.3801,9.52,0.8976,1.3198
2018-01-09,1.2301,93.857,10.08,0.9004,1.3198
2018-01-10,1.2263,93.6185,9.82,0.8988,1.321
2018-01-11,1.2273,93.2982,9.88,0.8984,1.3222
2018-01-12,1.2281,92.9465,10.16,0.899,1.323
2018-01-16,1.2281,92.3378,11.66,0.8992,1.3236
2018-01-17,1.2296,91.6587,11.91,0.9003,1.3229
2018-01-18,1.2319,91.1294,12.22,0.901,1.3219
2018-01-19,1.2326,90.4478,11.27,0.9018,1.3209
2018-01-22,1.2328,89.8859,11.03,0.9032,1.3206
2018-01-23,1.2316,89.1887,11.1,0.9025,1.3211
2018-01-24,1.2338,88.6011,11.47,0.9046,1.3215
2018-01-25,1.2326,88.4098,11.58,0.9028,1.3235
2018-01-26,1.2337,87.9219,11.08,0.9051,1.3245
2018-01-29,1.2356,87.8015,13.84,0.9056,1.3248
2018-01-30,1.2365,88.2401,14.79,0.9045,1.3238
2018-01-31,1.2294,88.5317,13.54,0.9044,1.3251
2018-02-01,1.2354,88.2143,13.47,0.9062,1.3251
2018-02-02,1.2343,89.0456,17.31,0.907,1.3235
2018-02-05,1.2303,90.7754,37.32,0.9021,1.3225
2018-02-06,1.2337,92.5949,29.98,0.8981,1.3207
2018-02-07,1.2347,91.9307,27.73,0.9037,1.3208
2018-02-08,1.2329,92.712,33.46,0.9002,1.319
2018-02-09,1.2312,94.0923,29.06,0.8926,1.3146
2018-02-12,1.2297,93.8,25.61,0.8965,1.3147
2018-02-13,1.2289,94.6671,24.97,0.894,1.3118
2018-02-14,1.2327,95.8062,19.26,0.8976,1.3124
2018-02-15,1.2329,95.0846,19.13,0.9,1.3149
2018-02-16,1.229,94.8359,19.46,0.9022,1.3153
2018-02-20,1.2288,94.9012,20.6,0.9042,1.315
2018-02-21,1.2306,94.905,20.02,0.9065,1.3139
2018-02-22,1.2271,95.3447,18.72,0.9038,1.314
2018-02-23,1.2231,95.8574,16.49,0.9014,1.3138
2018-02-26,1.2231,95.4519,15.8,0.9035,1.3143
2018-02-27,1.2249,95.978,18.59,0.9053,1.3137
2018-02-28,1.2242,96.4104,19.85,0.9035,1.3135
2018-03-01,1.2199,97.4367,22.47,0.8988,1.3107
2018-03-02,1.2218,98.3147,19.59,0.8984,1.3091
2018-03-05,1.2209,98.6548,18.73,0.9007,1.3097
2018-03-06,1.2237,98.4637,18.36,0.9019,1.3108
2018-03-07,1.224,98.8503,17.76,0.9014,1.3099
2018-03-08,1.2234,99.2124,16.54,0.9008,1.31
2018-03-09,1.2266,98.9718,14.64,0.9026,1.3087
2018-03-12,1.2245,98.8912,15.78,0.9015,1.3079
2018-03-13,1.2215,98.6351,16.35,0.9,1.3069
2018-03-14,1.2185,98.4731,17.23,0.8973,1.3065
2018-03-15,1.2167,98.5453,16.59,0.897,1.306
2018-03-16,1.2173,98.6778,15.8,0.8981,1.3067
2018-03-19,1.2189,98.5425,19.02,0.8967,1.3064
2018-03-20,1.2217,98.7918,18.2,0.898,1.3054
2018-03-21,1.2265,98.8129,17.86,0.899,1.3038
2018-03-22,1.2198,99.64,23.34,0.8946,1.3025
2018-03-23,1.222,99.9828,24.87,0.8932,1.3012
2018-03-26,1.2243,100.2791,21.03,0.8936,1.3014
2018-03-27,1.2185,101.6419,22.5,0.8921,1.3027
2018-03-28,1.216,103.1785,22.87,0.8911,1.3033
2018-03-29,1.2136,103.6027,19.97,0.8897,1.3045
2018-04-02,1.2203,104.9414,23.62,0.8882,1.3043
2018-04-03,1.2225,105.1712,21.1,0.891,1.3043
2018-04-04,1.2244,105.6547,20.06,0.8916,1.3046
2018-04-05,1.2252,105.2571,18.94,0.8962,1.3059
2018-04-06,1.2219,106.4448,21.49,0.8936,1.3068
2018-04-09,1.2215,106.0053,21.77,0.8949,1.3076
2018-04-10,1.2247,105.2096,20.47,0.8978,1.3085
2018-04-11,1.2267,104.7366,20.24,0.898,1.3087
2018-04-12,1.2319,104.3088,18.49,0.9016,1.309
2018-04-13,1.2288,104.6229,17.41,0.903,1.3093
2018-04-16,1.2314,103.3666,16.56,0.9044,1.3098
2018-04-17,1.2294,103.2091,15.25,0.9048,1.3101
2018-04-18,1.2323,102.1464,15.6,0.9078,1.3086
2018-04-19,1.2353,101.6592,15.96,0.907,1.3066
2018-04-20,1.2363,101.6431,16.88,0.908,1.3057
2018-04-23,1.237,101.2735,16.34,0.9072,1.3053
2018-04-24,1.2363,100.674,18.02,0.9057,1.3043
2018-04-25,1.2378,100.933,17.84,0.905,1.3024
2018-04-26,1.235,101.4905,16.24,0.9053,1.303
2018-04-27,1.2327,101.6972,15.41,0.9039,1.3034
2018-04-30,1.2245,101.6549,15.93,0.9028,1.3029
2018-05-01,1.229,102.1897,15.49,0.9037,1.301
2018-05-02,1.2296,102.4144,15.97,0.9039,1.3007
2018-05-03,1.2266,103.1168,15.9,0.902,1.2999
2018-05-04,1.2268,103.5073,14.77,0.9022,1.2992
2018-05-07,1.2264,103.5914,14.75,0.9034,1.2992
2018-05-08,1.2282,103.6568,14.71,0.904,1.2987
2018-05-09,1.2312,103.5875,13.42,0.9057,1.2994
2018-05-10,1.2322,103.3764,13.23,0.9054,1.3014
2018-05-11,1.2307,103.3275,12.65,0.9057,1.3029
2018-05-14,1.2338,103.0684,12.93,0.907,1.3034
2018-05-15,1.2387,102.6487,14.63,0.9096,1.3014
2018-05-16,1.2399,102.6384,13.42,0.9097,1.301
2018-05-17,1.2411,102.7556,13.43,0.9102,1.3003
2018-05-18,1.2381,102.6643,13.42,0.9076,1.3003
2018-05-21,1.2379,102.3601,13.08,0.9078,1.3007
2018-05-22,1.2381,102.4888,13.22,0.9082,1.3007
2018-05-23,1.2352,102.9081,12.58,0.9045,1.3007
2018-05-24,1.232,103.6619,12.53,0.9032,1.3012
2018-05-25,1.2277,104.3588,13.22,0.9006,1.3009
2018-05-29,1.2146,107.0041,17.02,0.8903,1.2991
2018-05-30,1.2203,107.2406,14.94,0.895,1.2982
2018-05-31,1.2211,107.9704,15.43,0.8945,1.2983
2018-06-01,1.2215,108.3467,13.46,0.8988,1.298
2018-06-04,1.224,108.3057,12.74,0.902,1.2987
2018-06-05,1.2216,108.2593,12.4,0.9019,1.2982
2018-06-06,1.2252,106.9802,11.64,0.9054,1.2973
2018-06-07,1.2227,106.9642,12.13,0.9043,1.298
2018-06-08,1.2257,106.6776,12.18,0.9042,1.2969
2018-06-11,1.2244,106.4813,12.35,0.9063,1.2969
2018-06-12,1.2241,106.3603,12.34,0.9072,1.2975
2018-06-13,1.2261,105.6515,12.94,0.9093,1.2977
2018-06-14,1.2222,105.8451,12.12,0.9085,1.2984
2018-06-15,1.2185,105.5664,11.98,0.9076,1.298
2018-06-18,1.2167,105.1296,12.31,0.9077,1.2966
2018-06-19,1.2133,105.6949,13.35,0.9053,1.295
2018-06-20,1.2146,105.6239,12.79,0.9077,1.2938
2018-06-21,1.2117,106.2027,14.64,0.9058,1.2909
2018-06-22,1.2103,106.0628,13.77,0.9059,1.2903
2018-06-25,1.2078,106.9866,17.33,0.9034,1.2893
2018-06-26,1.2085,107.1164,15.92,0.9031,1.2897
2018-06-27,1.2055,108.3569,17.91,0.8992,1.2902
2018-06-28,1.2116,108.9147,16.85,0.8974,1.2895
2018-06-29,1.2216,108.0246,16.09,0.8979,1.2904
2018-07-02,1.2214,108.4842,15.6,0.8964,1.2906
2018-07-03,1.2186,109.8664,16.14,0.8959,1.292
2018-07-05,1.2199,109.3738,14.97,0.8963,1.2936
2018-07-06,1.2186,109.447,13.37,0.8964,1.2945
2018-07-09,1.2213,108.796,12.69,0.8996,1.2961
2018-07-10,1.2208,108.9954,12.64,0.9016,1.2974
2018-07-11,1.2197,109.0435,13.63,0.8995,1.2974
2018-07-12,1.2206,109.5066,12.58,0.9009,1.2986
2018-07-13,1.2189,109.6751,12.18,0.9004,1.2994
2018-07-16,1.2187,109.5865,12.83,0.902,1.2995
2018-07-17,1.2172,109.8705,12.06,0.9023,1.2992
2018-07-18,1.219,109.7389,12.1,0.9033,1.2993
2018-07-19,1.2158,110.0606,12.87,0.9019,1.2997
2018-07-20,1.2214,109.4787,12.86,0.9043,1.2991
2018-07-23,1.2249,108.9985,12.62,0.9082,1.2991
2018-07-24,1.2249,108.9557,12.41,0.9081,1.302
2018-07-25,1.2295,108.3355,12.29,0.9077,1.3029
2018-07-26,1.2298,108.1001,12.14,0.9107,1.3044
2018-07-27,1.2309,107.9408,13.03,0.9104,1.3059
2018-07-30,1.2305,108.1246,14.26,0.9114,1.3055
2018-07-31,1.2262,106.852,12.83,0.9115,1.3066
2018-08-01,1.2302,111.2602,13.15,0.9137,1.3061
2018-08-02,1.2301,111.4329,12.19,0.9131,1.3061
2018-08-03,1.2291,111.0895,11.64,0.9123,1.3073
2018-08-06,1.2289,110.8906,11.27,0.9125,1.3083
2018-08-07,1.2305,110.7712,10.93,0.9156,1.3084
2018-08-08,1.2298,110.736,10.85,0.9156,1.307
2018-08-09,1.2278,110.7738,11.27,0.9137,1.3058
2018-08-10,1.2246,111.6947,13.16,0.9086,1.3038
2018-08-13,1.225,111.5869,14.78,0.9093,1.3033
2018-08-14,1.2259,111.3872,13.31,0.9104,1.3039
2018-08-15,1.2219,111.5735,14.64,0.9073,1.3037
2018-08-16,1.2208,111.4521,13.45,0.9088,1.305
2018-08-17,1.2217,111.4221,12.64,0.9091,1.3052
2018-08-20,1.2202,111.4662,12.49,0.9073,1.306
2018-08-21,1.2209,111.4595,12.86,0.9092,1.3057
2018-08-22,1.2204,111.5335,12.25,0.9091,1.3047
2018-08-23,1.2203,111.3064,12.41,0.909,1.3049
2018-08-24,1.2209,111.2596,11.99,0.9097,1.3049
2018-08-27,1.2231,110.8087,12.16,0.9116,1.3051
2018-08-28,1.2246,111.0205,12.5,0.9135,1.3048
2018-08-29,1.2246,110.636,12.25,0.9134,1.3047
2018-08-30,1.2214,111.0615,13.53,0.912,1.3043
2018-08-31,1.2279,111.0362,12.86,0.9113,1.3031
2018-09-04,1.2276,112.0708,13.16,0.9138,1.3018
2018-09-05,1.2275,112.4521,13.91,0.9129,1.3017
2018-09-06,1.2275,112.5232,14.65,0.9115,1.303
2018-09-07,1.2278,112.9996,14.88,0.9145,1.303
2018-09-10,1.2277,113.0607,14.16,0.9148,1.3042
2018-09-11,1.2282,113.0327,13.22,0.9174,1.3048
2018-09-12,1.2283,112.7376,13.14,0.9177,1.3061
2018-09-13,1.228,113.1779,12.37,0.9189,1.3071
2018-09-14,1.2283,112.9567,12.07,0.9209,1.3077
2018-09-17,1.2284,113.0891,13.68,0.9215,1.3082
2018-09-18,1.2291,112.5296,12.79,0.9243,1.3072
2018-09-19,1.2295,112.6945,11.75,0.9257,1.3074
2018-09-20,1.2299,112.3966,11.8,0.925,1.3093
2018-09-21,1.2302,111.8234,11.68,0.9246,1.3098
2018-09-24,1.2306,111.5726,12.2,0.9246,1.3091
2018-09-25,1.2308,111.453,12.42,0.9255,1.3089
2018-09-26,1.2305,111.1565,12.89,0.924,1.3098
2018-09-27,1.2308,110.9668,12.41,0.9243,1.3108
2018-09-28,1.2312,110.5533,12.12,0.925,1.3107
2018-10-01,1.233,109.7705,12.0,0.9279,1.3113
2018-10-02,1.2323,109.7507,12.05,0.9272,1.3115
2018-10-03,1.2336,109.2945,11.61,0.9321,1.3103
2018-10-04,1.2341,108.9106,14.22,0.9295,1.3092
2018-10-05,1.2347,108.832,14.82,0.9293,1.3085
2018-10-09,1.234,109.4624,15.95,0.9256,1.3087
2018-10-10,1.2336,110.1484,22.96,0.9232,1.3071
2018-10-11,1.2322,111.4389,24.98,0.9187,1.3072
2018-10-12,1.2321,111.4528,21.31,0.9203,1.3065
2018-10-15,1.232,111.3541,21.3,0.9223,1.3061
2018-10-16,1.2319,111.5979,17.62,0.9233,1.3064
2018-10-17,1.2322,111.3107,17.4,0.9241,1.3058
2018-10-18,1.2317,111.8602,20.06,0.9217,1.3049
2018-10-19,1.2319,111.6806,19.89,0.9227,1.304
2018-10-22,1.2316,111.9471,19.64,0.9224,1.3037
2018-10-23,1.2304,113.086,20.71,0.9178,1.3016
2018-10-24,1.2295,113.8672,25.23,0.9165,1.3016
2018-10-25,1.2295,114.0388,24.22,0.9153,1.3009
2018-10-26,1.2282,115.1034,24.16,0.9102,1.2995
2018-10-29,1.2277,115.8403,24.7,0.9109,1.2996
2018-10-30,1.228,116.0391,23.35,0.9103,1.2979
2018-10-31,1.2281,116.2156,21.23,0.9146,1.2978
2018-11-01,1.2277,118.0683,19.34,0.9143,1.2971
2018-11-02,1.2285,117.5132,19.51,0.9188,1.2983
2018-11-05,1.2284,117.5879,19.96,0.9185,1.2993
2018-11-06,1.2286,117.5024,19.91,0.9197,1.3009
2018-11-07,1.2287,116.8848,16.36,0.9223,1.3031
2018-11-08,1.2293,116.9114,16.72,0.9235,1.3029
2018-11-09,1.2286,116.8515,17.36,0.9178,1.3016
2018-11-13,1.2274,118.1732,20.02,0.9118,1.2983
2018-11-14,1.2264,119.3888,21.25,0.9072,1.2951
2018-11-15,1.2243,121.2364,19.98,0.904,1.2909
2018-11-16,1.2231,122.4454,18.14,0.9,1.2907
2018-11-19,1.2214,124.5758,20.1,0.8981,1.2895
2018-11-20,1.22,127.007,22.48,0.8952,1.287
2018-11-21,1.2188,127.8319,20.8,0.8979,1.2889
2018-11-23,1.2179,128.1869,21.52,0.8962,1.2887
2018-11-26,1.2174,129.1524,18.9,0.898,1.2895
2018-11-27,1.2162,130.0359,19.02,0.8962,1.2877
2018-11-28,1.2163,130.3434,18.49,0.8987,1.2864
2018-11-29,1.2155,131.1986,18.79,0.8993,1.2855
2018-11-30,1.2137,132.8833,18.07,0.8987,1.2842
2018-12-03,1.2135,133.7989,16.44,0.9014,1.2866
2018-12-04,1.2112,135.618,20.74,0.8961,1.2851
2018-12-06,1.2057,141.9847,21.19,0.8882,1.2808
2018-12-07,1.2051,141.9509,23.23,0.8887,1.2816
2018-12-10,1.2044,143.3881,22.64,0.8867,1.2811
2018-12-11,1.2038,144.115,21.76,0.8891,1.2827
2018-12-12,1.205,142.8913,21.46,0.8923,1.2848
2018-12-13,1.206,141.9955,20.65,0.8928,1.2863
2018-12-14,1.2063,141.2125,21.63,0.8901,1.2864
2018-12-17,1.2057,142.5228,24.52,0.8862,1.286
2018-12-18,1.2046,143.416,25.58,0.8804,1.2856
2018-12-19,1.2039,143.9243,25.58,0.8755,1.2858
2018-12-20,1.2032,144.7411,28.38,0.8649,1.2813
2018-12-21,1.2028,145.6805,30.11,0.8633,1.2796
2018-12-24,1.2018,146.6254,36.07,0.8583,1.2783
2018-12-26,1.2019,146.5078,30.41,0.8596,1.2769
2018-12-27,1.202,146.9523,29.96,0.8588,1.2757
2018-12-28,1.2014,147.7075,28.34,0.8618,1.2756
2018-12-31,1.2006,148.282,25.42,0.861,1.2757
2019-01-02,1.2001,149.3341,23.22,0.8601,1.2758
2019-01-03,1.1991,149.9859,25.45,0.8553,1.2737
2019-01-04,1.2,150.0104,21.38,0.8693,1.2747
2019-01-07,1.2007,149.2141,21.4,0.877,1.2773
2019-01-08,1.2016,148.0988,20.47,0.8832,1.2795
2019-01-09,1.2032,145.8887,19.98,0.888,1.2823
2019-01-10,1.2038,145.4358,19.5,0.8889,1.2818
2019-01-11,1.2039,144.7479,18.19,0.8881,1.2823
2019-01-14,1.2043,145.0143,19.07,0.8876,1.2814
2019-01-15,1.2053,144.0544,18.6,0.8888,1.2816
2019-01-16,1.2066,142.7484,19.04,0.8922,1.2835
2019-01-17,1.2083,140.9833,18.06,0.8934,1.285
2019-01-18,1.2103,138.7807,17.8,0.8978,1.2892
2019-01-22,1.2112,138.1371,20.8,0.8939,1.2904
2019-01-23,1.2118,137.3845,19.52,0.8943,1.2919
2019-01-24,1.2122,137.0501,18.89,0.8917,1.293
2019-01-25,1.2135,135.6263,17.42,0.8955,1.2947
2019-01-28,1.2137,135.4709,18.87,0.8944,1.2949
2019-01-29,1.2139,134.9269,19.13,0.8936,1.2957
2019-01-30,1.2157,133.087,17.66,0.8947,1.2964
2019-01-31,1.2167,131.563,16.57,0.8957,1.2995
2019-02-01,1.2185,131.0497,16.14,0.8993,1.3014
2019-02-04,1.219,130.1811,15.73,0.9017,1.3023
2019-02-05,1.2198,128.906,15.57,0.9036,1.3044
2019-02-06,1.22,128.9214,15.38,0.9045,1.3041
2019-02-07,1.2189,130.2332,16.37,0.8991,1.3022
2019-02-08,1.2191,130.1329,15.72,0.8971,1.302
2019-02-11,1.2193,129.9428,15.97,0.8991,1.3024
2019-02-12,1.2199,129.3092,15.43,0.9025,1.303
2019-02-13,1.2206,128.5363,15.65,0.9041,1.3037
2019-02-14,1.2203,128.8489,16.22,0.902,1.3025
2019-02-15,1.2206,128.4707,14.91,0.9036,1.3037
2019-02-19,1.2209,128.2469,14.88,0.9035,1.3037
2019-02-20,1.2213,127.9058,14.02,0.905,1.3033
2019-02-21,1.2215,127.786,14.46,0.9074,1.303
2019-02-22,1.2214,127.7086,13.51,0.9063,1.3035
2019-02-25,1.222,127.2465,14.85,0.9084,1.3047
2019-02-26,1.2222,127.1474,15.17,0.9077,1.3048
2019-02-27,1.2234,126.0806,14.7,0.9114,1.3042
2019-02-28,1.224,125.7112,14.78,0.913,1.3059
2019-03-01,1.2246,125.5026,13.57,0.9157,1.3071
2019-03-04,1.2246,125.3888,14.63,0.9141,1.3079
2019-03-05,1.2243,125.916,14.74,0.9135,1.3078
2019-03-06,1.2238,126.3847,15.74,0.9112,1.3071
2019-03-07,1.2229,127.3296,16.59,0.9074,1.3065
2019-03-08,1.2221,128.3306,16.05,0.9043,1.3054
2019-03-11,1.2222,128.2889,14.33,0.9068,1.3061
2019-03-12,1.2222,127.8804,13.77,0.9064,1.3076
2019-03-13,1.223,127.3372,13.41,0.9088,1.3072
2019-03-14,1.2233,126.9425,13.5,0.9109,1.3072
2019-03-15,1.223,127.0067,12.88,0.9098,1.3084
2019-03-18,1.2236,126.3928,13.1,0.9104,1.3091
2019-03-19,1.2241,125.8437,13.56,0.9118,1.3097
2019-03-20,1.2237,126.253,13.91,0.9087,1.3096
2019-03-21,1.2239,125.8283,13.63,0.91,1.3108
2019-03-22,1.2235,126.4492,16.48,0.9045,1.312
2019-03-25,1.2231,126.7423,16.33,0.9015,1.312
2019-03-26,1.223,126.6149,14.68,0.9026,1.3128
2019-03-27,1.223,126.8604,15.15,0.9006,1.3128
2019-03-28,1.223,126.744,14.43,0.9013,1.3129
2019-03-29,1.2233,126.2802,13.71,0.9044,1.3135
2019-04-01,1.225,125.8917,13.4,0.9099,1.3136
2019-04-02,1.2246,126.3081,13.36,0.9094,1.314
2019-04-03,1.2255,125.692,13.74,0.9125,1.3148
2019-04-04,1.2255,125.7488,13.58,0.9122,1.3154
2019-04-05,1.226,125.1951,12.82,0.913,1.3168
2019-04-08,1.2267,125.0627,13.18,0.9145,1.3172
2019-04-09,1.2269,124.7439,14.28,0.9139,1.3183
2019-04-10,1.2266,124.394,13.3,0.9138,1.3196
2019-04-11,1.2278,123.6459,13.02,0.917,1.3213
2019-04-12,1.2298,121.3797,12.01,0.9211,1.3237
2019-04-15,1.231,120.1359,12.32,0.9212,1.3244
2019-04-16,1.232,119.3146,12.18,0.9234,1.3243
2019-04-17,1.2323,119.1844,12.6,0.9227,1.3241
2019-04-18,1.2322,118.9776,12.09,0.9206,1.3237
2019-04-22,1.2329,118.7715,12.42,0.9218,1.3225
2019-04-23,1.2331,118.1178,12.28,0.9217,1.3229
2019-04-24,1.2327,118.0405,13.14,0.9199,1.3239
2019-04-25,1.2332,117.787,13.25,0.9202,1.324
2019-04-26,1.2332,117.2684,12.73,0.9189,1.3246
2019-04-29,1.2345,116.6302,13.11,0.9212,1.3243
2019-04-30,1.2345,116.0005,13.12,0.9198,1.3243
2019-05-01,1.2347,116.8947,14.8,0.9202,1.3247
2019-05-02,1.2352,116.7188,14.42,0.9211,1.3229
2019-05-03,1.2353,116.6367,12.87,0.9209,1.3236
2019-05-06,1.2349,116.9647,15.44,0.9186,1.3226
2019-05-07,1.2343,117.3458,19.32,0.9148,1.3224
2019-05-08,1.2347,116.7056,19.4,0.9161,1.3213
2019-05-09,1.2342,117.4787,19.1,0.9128,1.3195
2019-05-10,1.2347,116.907,16.04,0.9118,1.3191
2019-05-13,1.2338,118.0156,20.55,0.906,1.3173
2019-05-14,1.2341,118.0035,18.06,0.9077,1.3178
2019-05-15,1.2343,117.645,16.44,0.9053,1.3182
2019-05-16,1.2348,117.0687,15.29,0.9084,1.3192
2019-05-17,1.2347,116.5121,15.96,0.9077,1.319
2019-05-20,1.2348,116.413,16.31,0.909,1.3183
2019-05-21,1.2359,115.9793,14.95,0.9106,1.3184
2019-05-22,1.2356,116.6448,14.75,0.9088,1.3178
2019-05-23,1.2345,117.3867,16.92,0.9013,1.3159
2019-05-24,1.2346,117.3921,15.85,0.9034,1.3159
2019-05-28,1.2343,117.4149,17.5,0.9002,1.3155
2019-05-29,1.2328,118.9203,17.9,0.8956,1.3125
2019-05-30,1.2326,119.3953,17.3,0.8958,1.3145
2019-05-31,1.2303,122.5414,18.71,0.888,1.3125
2019-06-03,1.2291,123.9441,18.86,0.8837,1.3116
2019-06-04,1.2297,123.2664,16.97,0.8895,1.3125
2019-06-05,1.2301,122.6989,16.09,0.8913,1.3127
2019-06-06,1.2303,122.4116,15.93,0.8926,1.3134
2019-06-07,1.2308,121.8967,16.3,0.8931,1.3152
2019-06-10,1.2323,119.8926,15.94,0.8985,1.317
2019-06-11,1.233,119.5297,15.99,0.8993,1.3174
2019-06-12,1.2329,119.105,15.91,0.8983,1.3166
2019-06-13,1.2329,119.1267,15.82,0.8965,1.3168
2019-06-14,1.2328,119.4435,15.28,0.8964,1.3169
2019-06-17,1.2331,119.1412,15.35,0.8962,1.3176
2019-06-18,1.2338,118.3225,15.15,0.8971,1.3204
2019-06-19,1.2349,117.357,14.33,0.8965,1.3214
2019-06-20,1.2367,115.3362,14.75,0.9005,1.3263
2019-06-21,1.237,114.6144,15.4,0.9039,1.3283
2019-06-24,1.2381,113.8292,15.26,0.9017,1.3306
2019-06-25,1.2384,113.6689,16.28,0.8991,1.3292
2019-06-26,1.2393,112.8192,16.21,0.9017,1.3292
2019-06-27,1.2397,112.5603,15.82,0.8991,1.3308
2019-06-28,1.2404,111.5178,15.08,0.8999,1.3323
2019-07-01,1.2405,113.8751,14.06,0.9036,1.3346
2019-07-02,1.2409,113.6491,12.93,0.9007,1.3352
2019-07-03,1.241,113.4792,12.57,0.9002,1.3362
2019-07-05,1.2435,111.7919,13.28,0.905,1.3353
2019-07-08,1.2434,111.6321,13.96,0.9039,1.3356
2019-07-09,1.2438,111.324,14.09,0.9039,1.3346
2019-07-10,1.245,110.7104,13.03,0.905,1.3337
2019-07-11,1.2461,109.9343,12.93,0.9075,1.3336
2019-07-12,1.2464,109.6809,12.39,0.907,1.334
2019-07-15,1.2469,109.049,12.68,0.9068,1.3344
2019-07-16,1.2474,108.6274,12.86,0.908,1.334
2019-07-17,1.2467,108.8874,13.97,0.9044,1.3349
2019-07-18,1.2462,108.967,13.53,0.9015,1.3344
2019-07-19,1.2462,109.0143,14.45,0.9024,1.3357
2019-07-22,1.2461,109.0014,13.53,0.9027,1.3366
2019-07-23,1.2465,108.6733,12.61,0.9055,1.3378
2019-07-24,1.2461,108.4562,12.07,0.9055,1.3391
2019-07-25,1.2467,108.2295,12.74,0.9074,1.3401
2019-07-26,1.2468,107.9777,12.16,0.9085,1.3407
2019-07-29,1.2469,107.8058,12.83,0.9073,1.341
2019-07-30,1.2466,108.3454,13.94,0.9068,1.3398
2019-07-31,1.246,108.5352,16.12,0.906,1.3413
2019-08-01,1.2444,111.0102,17.87,0.898,1.34
2019-08-02,1.2434,111.9519,17.61,0.894,1.3382
2019-08-05,1.2435,111.8367,24.59,0.8812,1.3332
2019-08-06,1.2402,115.3909,20.17,0.8821,1.3338
2019-08-07,1.2371,118.0716,19.49,0.8769,1.3323
2019-08-08,1.2373,118.286,16.91,0.8827,1.3343
2019-08-09,1.2374,118.7357,17.97,0.8834,1.3339
2019-08-12,1.2356,119.5477,21.09,0.8773,1.3345
2019-08-13,1.2356,119.6504,17.52,0.881,1.3349
2019-08-14,1.2328,121.8696,22.1,0.8717,1.3332
2019-08-15,1.2313,123.0735,21.18,0.8686,1.3321
2019-08-16,1.2317,123.4301,18.47,0.8705,1.3325
2019-08-19,1.2331,122.45,16.88,0.8766,1.3338
2019-08-20,1.2327,122.6885,17.5,0.8754,1.3352
2019-08-21,1.2332,121.9934,15.8,0.8791,1.338
2019-08-22,1.2346,121.6252,16.68,0.8827,1.3387
2019-08-23,1.2328,122.5631,19.87,0.8773,1.339
2019-08-26,1.2336,122.1407,19.32,0.8794,1.3382
2019-08-27,1.2321,122.9419,20.31,0.8771,1.3393
2019-08-28,1.2321,123.3031,19.35,0.8766,1.3386
2019-08-29,1.2329,122.8198,17.88,0.88,1.3383
2019-08-30,1.2328,122.291,18.98,0.8798,1.338
2019-09-03,1.2327,123.4914,19.66,0.8764,1.3363
2019-09-04,1.233,123.2532,17.33,0.877,1.3364
2019-09-05,1.2352,121.7521,16.27,0.8844,1.3364
2019-09-06,1.2354,121.2527,15.0,0.884,1.3376
2019-09-09,1.2363,120.7223,15.27,0.8889,1.3373
2019-09-10,1.2378,120.2371,15.2,0.8945,1.3361
2019-09-11,1.2377,120.5108,14.61,0.8957,1.3362
2019-09-12,1.2386,119.4251,14.22,0.8995,1.337
2019-09-13,1.2396,118.9446,13.74,0.905,1.3363
2019-09-16,1.2397,119.1262,14.67,0.9035,1.3374
2019-09-17,1.2394,119.0289,14.44,0.902,1.3375
2019-09-18,1.239,119.249,13.95,0.9002,1.3386
2019-09-19,1.2394,118.6919,14.05,0.8994,1.3405
2019-09-20,1.2394,118.379,15.32,0.8985,1.3415
2019-09-23,1.2393,118.4638,14.91,0.896,1.3421
2019-09-24,1.239,118.17,17.05,0.8919,1.3422
2019-09-25,1.2397,117.8291,15.96,0.8958,1.34
2019-09-26,1.2395,118.0002,16.07,0.8924,1.3407
2019-09-27,1.2396,117.9212,17.22,0.8908,1.3403
2019-09-30,1.24,117.8161,16.24,0.8905,1.3406
2019-10-01,1.2397,119.3124,18.56,0.8879,1.3404
2019-10-02,1.2384,120.3916,20.56,0.8819,1.3377
2019-10-03,1.2375,121.172,19.12,0.8772,1.3371
2019-10-04,1.237,121.4195,17.04,0.8771,1.3379
2019-10-07,1.2377,120.93,17.86,0.8801,1.3379
2019-10-08,1.2365,122.5327,20.28,0.878,1.3365
2019-10-09,1.2366,122.3684,18.64,0.8814,1.3368
2019-10-10,1.2382,122.0459,17.57,0.8855,1.337
2019-10-11,1.2405,120.1326,15.58,0.8921,1.3395
2019-10-15,1.2416,119.5128,13.54,0.8949,1.3417
2019-10-16,1.2416,119.67,13.68,0.8946,1.3422
2019-10-17,1.2422,119.1857,13.79,0.8959,1.3433
2019-10-18,1.2423,118.9038,14.25,0.8956,1.3439
2019-10-21,1.243,118.3779,14.0,0.8984,1.3451
2019-10-22,1.2428,118.2532,14.46,0.897,1.3466
2019-10-23,1.2426,118.0748,14.01,0.8973,1.3461
2019-10-24,1.2429,118.1801,13.71,0.898,1.3466
2019-10-25,1.243,117.851,12.65,0.9012,1.3481
2019-10-28,1.2446,116.8176,13.11,0.9043,1.3489
2019-10-29,1.2445,116.7825,13.2,0.9032,1.3488
2019-10-30,1.2432,117.684,12.33,0.8997,1.3483
2019-10-31,1.2426,117.9762,13.22,0.8923,1.3479
2019-11-01,1.2427,118.0912,12.3,0.8955,1.3486
2019-11-04,1.2451,116.8051,12.83,0.9005,1.3489
2019-11-05,1.2465,115.8662,13.1,0.9041,1.3484
2019-11-06,1.2459,116.1423,12.62,0.9007,1.3498
2019-11-07,1.2474,114.8766,12.73,0.907,1.3505
2019-11-08,1.2478,114.4074,12.07,0.9068,1.3505
2019-11-12,1.2483,114.2678,12.68,0.9055,1.3511
2019-11-13,1.2475,114.4235,13.0,0.9026,1.3509
2019-11-14,1.2466,114.9585,13.05,0.8991,1.351
2019-11-15,1.2471,114.4733,12.05,0.9005,1.3511
2019-11-18,1.2478,113.8729,12.46,0.8991,1.3515
2019-11-19,1.2474,113.8546,12.86,0.8965,1.3519
2019-11-20,1.2472,113.8931,12.78,0.8929,1.351
2019-11-21,1.248,113.4747,13.13,0.8943,1.3501
2019-11-22,1.2482,113.5819,12.34,0.895,1.3515
2019-11-25,1.2488,112.9719,11.87,0.8955,1.353
2019-11-26,1.2487,112.3921,11.54,0.8952,1.3544
2019-11-27,1.2495,111.7339,11.75,0.8976,1.3552
2019-11-29,1.2505,111.3622,12.62,0.898,1.3553
2019-12-02,1.2516,111.2307,14.91,0.9007,1.354
2019-12-03,1.2502,112.0749,15.96,0.8929,1.3546
2019-12-04,1.2522,110.735,14.8,0.8986,1.3554
2019-12-05,1.2532,110.0464,14.52,0.9003,1.3565
2019-12-06,1.2535,109.7757,13.62,0.9045,1.3581
2019-12-09,1.2541,109.4737,15.86,0.9046,1.3594
2019-12-10,1.2543,109.2043,15.68,0.9056,1.3597
2019-12-11,1.2546,108.8886,14.99,0.9044,1.3605
2019-12-12,1.2566,107.5977,13.94,0.9119,1.3602
2019-12-13,1.2562,106.9575,12.63,0.9095,1.3629
2019-12-16,1.2576,106.3172,12.14,0.9146,1.3634
2019-12-17,1.258,105.9261,12.29,0.9166,1.3642
2019-12-18,1.2591,105.3292,12.58,0.9202,1.365
2019-12-19,1.2592,104.6728,12.5,0.9197,1.3661
2019-12-20,1.259,104.9279,12.51,0.9203,1.3663
2019-12-23,1.2597,104.271,12.61,0.9219,1.3663
2019-12-24,1.2598,103.9095,12.67,0.9205,1.3669
2019-12-26,1.2598,103.8572,12.65,0.9205,1.3668
2019-12-27,1.2599,103.6917,13.43,0.9191,1.3678
2019-12-30,1.2609,103.1963,14.82,0.9199,1.3676
2019-12-31,1.262,103.0422,13.78,0.9211,1.3673
2020-01-02,1.2608,104.254,12.47,0.9205,1.3674
2020-01-03,1.2601,104.6904,14.02,0.9164,1.3667
2020-01-06,1.2606,104.6481,13.85,0.9183,1.3648
2020-01-07,1.2609,104.279,13.79,0.9198,1.3637
2020-01-08,1.2618,103.5459,13.45,0.9226,1.3635
2020-01-09,1.2621,103.4156,12.54,0.9217,1.3658
2020-01-10,1.2631,102.2034,12.56,0.9204,1.368
2020-01-13,1.2638,101.6926,12.32,0.9223,1.3676
2020-01-14,1.2639,101.4252,12.39,0.9211,1.3672
2020-01-15,1.2639,101.2908,12.42,0.92,1.3676
2020-01-16,1.2653,99.8532,12.32,0.9215,1.3686
2020-01-17,1.2662,98.9817,12.1,0.9233,1.371
2020-01-21,1.2661,98.9616,12.85,0.9194,1.3722
2020-01-22,1.2657,99.0608,12.91,0.9184,1.373
2020-01-23,1.2647,100.0085,12.98,0.9149,1.3716
2020-01-24,1.2641,100.7291,14.56,0.91,1.3715
2020-01-27,1.2618,102.7237,18.23,0.9012,1.3676
2020-01-28,1.2628,101.7559,16.28,0.9065,1.3685
2020-01-29,1.2624,101.9698,16.39,0.9045,1.3693
2020-01-30,1.2622,102.206,15.49,0.9012,1.3668
2020-01-31,1.2613,103.4899,18.84,0.8994,1.366
2020-02-03,1.2608,104.7826,17.97,0.8997,1.3666
2020-02-04,1.2623,103.2834,16.05,0.9062,1.3676
2020-02-05,1.2634,102.707,15.15,0.9104,1.3691
2020-02-06,1.2635,103.1153,14.96,0.9114,1.3706
2020-02-07,1.2632,102.8781,15.47,0.9075,1.3712
2020-02-10,1.2631,103.1206,15.04,0.9059,1.3707
2020-02-11,1.2635,102.7402,15.18,0.9105,1.3711
2020-02-12,1.2641,102.462,13.74,0.9136,1.3716
2020-02-13,1.2644,102.5005,14.15,0.9134,1.3718
2020-02-14,1.2643,102.491,13.68,0.9118,1.3722
2020-02-18,1.2638,103.0161,14.83,0.9101,1.3724
2020-02-19,1.2641,102.5561,14.38,0.9116,1.3723
2020-02-20,1.2641,102.7771,15.56,0.9092,1.371
2020-02-21,1.2637,103.2323,17.08,0.9057,1.3704
2020-02-24,1.2611,105.8402,25.03,0.8942,1.3652
2020-02-25,1.2602,106.9994,27.85,0.8892,1.3627
2020-02-26,1.2593,108.2771,27.56,0.8864,1.3613
2020-02-27,1.2572,111.5374,39.16,0.878,1.3543
2020-02-28,1.2532,115.7376,40.11,0.8638,1.3486
2020-03-02,1.2514,118.7015,33.42,0.8648,1.3462
2020-03-03,1.2514,118.8185,36.82,0.8667,1.3482
2020-03-04,1.2519,117.9367,31.99,0.8699,1.35
2020-03-05,1.2497,121.7561,39.62,0.8617,1.3473
2020-03-06,1.241,130.644,41.94,0.8364,1.3374
2020-03-09,1.2174,157.6259,54.46,0.7997,1.3094
2020-03-10,1.2159,155.9196,47.3,0.8146,1.3035
2020-03-11,1.2118,163.416,53.9,0.8087,1.2925
2020-03-12,1.1941,182.3969,75.47,0.7867,1.2675
2020-03-13,1.1905,190.738,57.83,0.7919,1.2654
2020-03-16,1.168,212.4901,82.69,0.7555,1.2443
2020-03-17,1.1789,206.2489,75.91,0.7584,1.2327
2020-03-18,1.1664,229.5958,76.45,0.7489,1.2073
2020-03-19,1.157,240.9029,72.0,0.7219,1.1703
2020-03-20,1.141,256.4023,66.04,0.7093,1.1498
2020-03-23,1.1331,271.9288,61.59,0.6854,1.1421
2020-03-24,1.132,272.6706,61.67,0.6908,1.1563
2020-03-25,1.1323,272.7155,63.95,0.7065,1.1792
2020-03-26,1.1348,271.2066,61.0,0.7243,1.194
2020-03-27,1.1373,266.2905,65.54,0.7328,1.1999
2020-03-30,1.141,260.2448,57.08,0.7364,1.2081
2020-03-31,1.1462,249.6566,53.54,0.7433,1.2178
2020-04-01,1.1448,242.9267,57.06,0.7326,1.2107
2020-04-02,1.1457,243.4726,50.91,0.7292,1.2089
2020-04-03,1.1446,244.9179,46.8,0.7227,1.2056
2020-04-06,1.1459,242.3872,45.24,0.7281,1.2121
2020-04-07,1.1473,240.1442,46.7,0.7404,1.2222
2020-04-08,1.1505,238.4137,43.35,0.7449,1.2299
2020-04-09,1.1572,228.8129,41.67,0.7661,1.2497
2020-04-13,1.1652,218.6498,41.17,0.7792,1.2667
2020-04-14,1.1708,211.8384,37.76,0.7867,1.2735
2020-04-15,1.1768,203.0659,40.84,0.7772,1.2689
2020-04-16,1.1821,197.326,40.11,0.7758,1.2692
2020-04-17,1.1835,194.5462,38.15,0.783,1.273
2020-04-20,1.183,195.2831,43.83,0.7781,1.2696
2020-04-21,1.1801,198.8033,45.41,0.7641,1.2645
2020-04-22,1.1812,199.0093,41.98,0.7674,1.2671
2020-04-23,1.1816,198.3173,41.38,0.7668,1.2711
2020-04-24,1.1819,197.8077,35.93,0.7631,1.2702
2020-04-27,1.1833,196.2481,33.29,0.7655,1.2706
2020-04-28,1.1833,195.5768,33.57,0.7647,1.2709
2020-04-29,1.1849,193.8624,31.23,0.7685,1.2734
2020-04-30,1.1867,192.6773,34.15,0.7719,1.2735
2020-05-01,1.1869,195.1728,37.19,0.771,1.2703
2020-05-04,1.1877,194.8698,35.97,0.7697,1.2683
2020-05-05,1.19,192.2143,33.61,0.7749,1.2696
2020-05-06,1.1922,190.8698,34.12,0.7786,1.2663
2020-05-07,1.1926,190.3351,31.44,0.7757,1.2634
2020-05-08,1.194,189.6762,27.98,0.7798,1.2608
2020-05-11,1.1935,190.1301,27.57,0.7826,1.258
2020-05-12,1.1913,192.22,33.04,0.7828,1.2606
2020-05-13,1.1883,195.2593,35.28,0.7774,1.2607
2020-05-14,1.1837,200.1682,32.61,0.7714,1.26
2020-05-15,1.1829,201.5818,31.89,0.7714,1.2644
2020-05-18,1.183,201.3884,29.3,0.7844,1.2735
2020-05-19,1.1845,199.4927,30.53,0.7859,1.278
2020-05-20,1.1853,198.2528,27.99,0.7896,1.2848
2020-05-21,1.1866,198.0782,29.53,0.7928,1.2865
2020-05-22,1.1869,197.8193,28.16,0.7931,1.2864
2020-05-26,1.1916,192.4415,28.01,0.8031,1.291
2020-05-27,1.1932,190.643,27.62,0.8056,1.2932
2020-05-28,1.195,188.9852,28.59,0.811,1.2957
2020-05-29,1.1954,188.4904,27.51,0.8079,1.2967
2020-06-01,1.1973,186.9183,28.23,0.8117,1.2992
2020-06-02,1.2011,183.2468,26.84,0.8185,1.3036
2020-06-03,1.2062,175.7686,25.66,0.8298,1.3095
2020-06-04,1.2094,171.7714,25.81,0.8343,1.3123
2020-06-05,1.2146,166.2211,24.52,0.8458,1.3235
2020-06-08,1.2182,161.8149,25.81,0.8473,1.326
2020-06-09,1.2181,162.2347,27.57,0.8415,1.3221
2020-06-10,1.2176,163.4696,27.57,0.8356,1.3205
2020-06-11,1.2126,169.6408,40.79,0.8195,1.3101
2020-06-12,1.2129,169.648,36.09,0.8233,1.3123
2020-06-15,1.2141,168.0829,34.4,0.8233,1.3141
2020-06-16,1.2175,163.6618,33.67,0.8367,1.327
2020-06-17,1.2185,162.9083,33.47,0.8359,1.3257
2020-06-18,1.2192,162.6056,32.94,0.8308,1.3235
2020-06-19,1.2202,161.8378,35.12,0.8308,1.3253
2020-06-22,1.2209,160.4536,31.77,0.8306,1.3247
2020-06-23,1.2219,159.5572,31.37,0.8316,1.3244
2020-06-24,1.2212,160.0709,33.84,0.8256,1.3199
2020-06-25,1.2207,160.9866,32.22,0.8216,1.318
2020-06-26,1.2212,160.809,34.73,0.8171,1.3178
2020-06-29,1.2218,159.8287,31.78,0.8136,1.318
2020-06-30,1.2224,158.9714,30.43,0.8151,1.3209
2020-07-01,1.2224,159.8192,28.62,0.8185,1.3249
2020-07-02,1.2245,157.8677,27.68,0.8219,1.33
2020-07-09,1.2285,153.4552,29.26,0.8203,1.334
2020-07-10,1.2292,153.0059,27.29,0.821,1.3339
2020-07-13,1.2298,151.8956,32.19,0.824,1.3357
2020-07-14,1.2303,151.9518,29.52,0.822,1.3359
2020-07-15,1.2321,149.3256,27.76,0.8275,1.3395
2020-07-16,1.2327,149.0762,28.0,0.8276,1.3408
2020-07-17,1.2339,147.8479,25.68,0.83,1.3429
2020-07-20,1.2343,147.2987,24.46,0.8334,1.3462
2020-07-21,1.2352,145.9996,24.84,0.8381,1.35
2020-07-22,1.2364,144.4781,24.32,0.8396,1.3513
2020-07-23,1.2383,142.8777,26.08,0.8392,1.3514
2020-07-24,1.2393,141.8355,25.84,0.8395,1.3502
2020-07-27,1.2409,140.6559,24.74,0.8411,1.3495
2020-07-28,1.2411,139.8865,25.44,0.8396,1.3481
2020-07-29,1.2421,139.0229,24.1,0.8427,1.3482
2020-07-30,1.2425,138.8157,24.76,0.8423,1.3476
2020-07-31,1.2435,137.7762,24.46,0.8436,1.3485
2020-08-12,1.252,131.2652,22.28,0.856,1.3547
2020-08-13,1.2533,130.5961,22.13,0.8567,1.3518
2020-08-14,1.2527,131.7719,22.05,0.8544,1.3481
2020-08-17,1.2527,131.3852,21.35,0.8532,1.347
2020-08-18,1.2524,131.9402,21.51,0.8525,1.3456
2020-08-19,1.2525,131.9914,22.54,0.8534,1.3459
2020-08-20,1.2521,132.6978,22.72,0.8514,1.3456
2020-08-21,1.252,132.9645,22.54,0.8511,1.3462
2020-08-24,1.2522,132.4683,22.37,0.8532,1.3465
2020-08-25,1.253,131.5705,22.03,0.8571,1.3452
2020-08-26,1.2535,131.1977,23.27,0.8583,1.3443
2020-08-27,1.2547,130.5797,24.47,0.8629,1.3428
2020-08-28,1.2548,130.5705,22.96,0.8631,1.3428
2020-08-31,1.2555,130.1023,26.41,0.8611,1.3446
2020-09-01,1.2556,130.7629,26.12,0.8605,1.3472
2020-09-02,1.2558,130.0928,26.57,0.8602,1.3506
2020-09-03,1.2556,131.1883,33.6,0.8577,1.3496
2020-09-04,1.2558,130.7961,30.75,0.8617,1.3463
2020-09-08,1.2547,131.6847,31.46,0.857,1.3438
2020-09-09,1.2556,131.6263,28.81,0.8591,1.3443
2020-09-10,1.2551,132.016,29.71,0.8579,1.3445
2020-09-11,1.2552,131.8011,26.87,0.8563,1.345
2020-09-14,1.2558,130.6484,25.85,0.856,1.3465
2020-09-15,1.2565,129.9787,25.59,0.8575,1.3472
2020-09-16,1.2571,129.1506,26.04,0.8594,1.3485
2020-09-17,1.2568,130.0268,26.46,0.858,1.3483
2020-09-18,1.2572,129.6073,25.83,0.8587,1.3486
2020-09-21,1.256,130.8729,27.78,0.8522,1.346
2020-09-22,1.2557,131.4437,26.86,0.8498,1.3462
2020-09-23,1.2549,132.2316,28.58,0.849,1.3442
2020-09-24,1.2541,134.0516,28.51,0.8441,1.3396
2020-09-25,1.2526,135.2458,26.38,0.8434,1.336
2020-10-02,1.2499,138.5927,27.63,0.8536,1.3411
2020-10-05,1.2522,137.3459,27.96,0.8609,1.3438
2020-10-06,1.2519,137.5231,29.48,0.8627,1.3473
2020-10-07,1.2534,135.814,28.06,0.8658,1.347
2020-10-08,1.2531,135.9627,26.36,0.8663,1.348
2020-10-09,1.2541,135.1535,25.0,0.8682,1.3494
2020-10-13,1.2536,134.2731,26.07,0.8671,1.3517
2020-10-14,1.2539,134.1261,26.4,0.8664,1.3515
2020-10-15,1.2528,135.2543,26.97,0.8646,1.3502
2020-10-16,1.253,134.8443,27.41,0.8665,1.3521
2020-10-19,1.2535,134.374,29.18,0.8681,1.3521
2020-10-20,1.2548,133.6818,29.35,0.8706,1.3517
2020-10-21,1.2546,133.3424,28.65,0.8713,1.3518
2020-10-22,1.2564,132.7871,28.11,0.8729,1.3513
2020-10-23,1.2561,132.6339,27.55,0.8731,1.3528
2020-10-26,1.2542,133.4474,32.46,0.8686,1.3528
2020-10-27,1.2535,133.6699,33.35,0.8663,1.3541
2020-10-28,1.2521,134.9593,40.28,0.8611,1.3515
2020-10-29,1.2523,136.043,37.59,0.8632,1.3499
2020-10-30,1.2527,136.2435,38.02,0.8635,1.3492
2020-11-13,1.2649,124.8482,23.1,0.8866,1.3665
2020-11-16,1.2665,123.0768,22.45,0.8897,1.3688
2020-11-17,1.2658,123.5031,22.71,0.8892,1.3706
2020-11-18,1.2665,122.8611,23.84,0.891,1.3733
2020-11-19,1.266,123.1582,23.11,0.8891,1.3753
2020-11-20,1.2656,123.1765,23.7,0.8874,1.376
2020-11-23,1.2671,121.7995,22.66,0.8903,1.3762
2020-11-24,1.2696,119.861,21.64,0.8951,1.3778
2020-11-25,1.2704,118.8408,21.25,0.8958,1.3781
2020-11-27,1.2708,118.4601,20.84,0.8942,1.3795
2020-11-30,1.272,117.012,20.57,0.8946,1.382
2020-12-01,1.2749,115.2153,20.77,0.9016,1.385
2020-12-02,1.2773,113.8097,21.17,0.9041,1.3854
2020-12-03,1.279,112.0885,21.28,0.9042,1.3875
2020-12-04,1.2811,110.8001,20.79,0.9089,1.3859
2020-12-07,1.2807,110.7644,21.3,0.9076,1.386
2020-12-08,1.2804,111.1951,20.68,0.9071,1.3838
2020-12-09,1.281,111.1805,22.27,0.9083,1.3804
2020-12-10,1.2806,111.6144,22.52,0.906,1.3819
2020-12-11,1.2793,113.0763,23.31,0.905,1.3811
2020-12-14,1.2793,113.2012,24.72,0.9057,1.3815
2020-12-15,1.2796,113.1777,22.89,0.9081,1.3824
2020-12-16,1.2804,112.5575,22.5,0.9083,1.384
2020-12-17,1.2814,111.8083,21.93,0.9097,1.3859
2020-12-18,1.2821,111.2847,21.57,0.9111,1.3856
2020-12-21,1.2811,112.2486,25.16,0.9088,1.3842
2020-12-22,1.281,111.9998,24.23,0.9078,1.385
2020-12-23,1.2821,111.8411,23.31,0.9111,1.3859
2020-12-24,1.2822,111.4458,21.53,0.9103,1.3867
2021-01-13,1.294,104.0107,22.21,0.9238,1.39
2021-01-14,1.296,103.4158,23.25,0.9277,1.3903
2021-01-15,1.2952,103.4008,24.34,0.9267,1.3903
2021-01-19,1.2965,102.2753,23.24,0.9269,1.392
2021-01-20,1.2985,101.1001,21.58,0.9282,1.392
2021-01-21,1.3001,100.5677,21.32,0.9297,1.3896
2021-01-22,1.2989,101.3081,21.91,0.9274,1.3884
2021-01-25,1.2973,102.5447,23.19,0.9244,1.3883
2021-01-26,1.2972,102.6828,23.02,0.9249,1.3885
2021-01-27,1.2954,104.3405,37.21,0.9224,1.3867
2021-01-28,1.2955,104.7466,30.21,0.9251,1.3874
2021-01-29,1.296,104.187,33.09,0.9254,1.3866
2021-02-01,1.2958,103.8583,30.24,0.9255,1.3865
2021-02-02,1.2973,102.9893,25.56,0.9291,1.3865
2021-02-03,1.2984,102.3576,22.91,0.9327,1.3863
2021-02-04,1.2994,102.2477,21.77,0.9345,1.3879
2021-02-05,1.3008,101.29,20.87,0.9378,1.3887
2021-02-08,1.3017,100.5796,21.24,0.9385,1.3911
2021-02-09,1.3013,100.9714,21.63,0.9388,1.3909
2021-02-10,1.3015,100.918,21.99,0.9374,1.3915
2021-02-11,1.3016,101.0215,21.25,0.939,1.3906
2021-02-12,1.3028,100.8829,19.97,0.9421,1.3896
2021-02-16,1.3057,98.9516,21.46,0.9467,1.3897
2021-02-17,1.305,99.3452,21.5,0.9452,1.392
2021-02-18,1.3058,99.0876,22.49,0.9452,1.392
2021-02-19,1.3081,98.2339,22.05,0.9487,1.3902
2021-02-22,1.3081,98.1672,23.45,0.9498,1.3864
2021-02-23,1.3078,98.6015,23.11,0.9494,1.3844
2021-02-24,1.3088,98.6225,21.34,0.9511,1.3855
2021-02-25,1.309,98.5501,28.89,0.956,1.3846
2021-02-26,1.3058,101.324,27.95,0.946,1.3879
2021-03-01,1.3055,103.0011,23.35,0.9509,1.3874
2021-03-02,1.3052,103.3596,24.1,0.9504,1.3872
2021-03-03,1.3062,103.213,26.67,0.9532,1.3854
2021-03-04,1.3074,103.4018,28.57,0.9534,1.3816
2021-03-05,1.3064,105.4189,24.66,0.9524,1.3779
2021-03-08,1.3064,105.0171,25.47,0.9535,1.3746
2021-03-09,1.3048,105.4958,24.03,0.9496,1.3749
2021-03-10,1.3047,105.4219,22.56,0.9488,1.3769
2021-03-11,1.3054,105.4691,21.91,0.9526,1.379
2021-03-12,1.3081,104.5197,20.69,0.9567,1.376
2021-03-15,1.3059,106.0723,20.03,0.9553,1.3765
2021-03-16,1.3052,106.8953,19.79,0.9555,1.3765
2021-03-17,1.3049,108.1043,19.23,0.955,1.3762
2021-03-18,1.3053,108.6459,21.58,0.9556,1.3758
2021-03-19,1.3034,111.4045,20.95,0.9545,1.3773
2021-03-22,1.3031,110.5342,18.88,0.9542,1.3783
2021-03-23,1.3026,110.4599,20.3,0.9527,1.3783
2021-03-24,1.3031,110.328,21.2,0.9531,1.379
2021-03-25,1.3034,110.0779,19.81,0.9544,1.378
2021-03-26,1.3048,109.1985,18.86,0.9567,1.3789
2021-03-29,1.3056,108.0106,20.74,0.9595,1.3794
2021-03-30,1.3056,108.018,19.61,0.9589,1.3816
2021-03-31,1.3065,107.4379,19.4,0.9622,1.3855
2021-04-01,1.3058,109.4876,17.33,0.9606,1.3894
2021-04-05,1.3085,107.6181,17.91,0.9641,1.3887
2021-04-06,1.3067,108.2661,18.12,0.9629,1.3892
2021-04-07,1.3082,107.7639,17.16,0.965,1.3885
2021-04-08,1.3071,108.2105,16.95,0.9635,1.3899
2021-04-09,1.308,107.7376,16.69,0.9647,1.3898
2021-04-12,1.3091,107.1645,16.91,0.9646,1.3903
2021-04-13,1.3089,107.2068,16.65,0.9615,1.3909
2021-04-14,1.3103,106.8747,16.99,0.9629,1.3917
2021-04-15,1.3081,107.5277,16.57,0.9604,1.3931
2021-04-16,1.31,107.1922,16.25,0.963,1.3902
2021-04-19,1.3102,105.729,17.29,0.9632,1.388
2021-04-20,1.3092,107.5253,18.68,0.9601,1.3876
2021-04-21,1.3083,108.0833,17.5,0.9597,1.3887
2021-04-22,1.3088,107.9589,18.71,0.9595,1.3896
2021-04-23,1.3087,107.8339,17.33,0.9611,1.391
2021-04-26,1.3097,107.0624,17.64,0.9624,1.3915
2021-04-27,1.3105,107.26,17.56,0.9652,1.3906
2021-04-28,1.3095,107.6072,17.28,0.9645,1.3903
2021-04-29,1.3113,107.0539,17.61,0.9659,1.3899
2021-04-30,1.3108,107.3294,18.61,0.9654,1.3904
2021-05-03,1.3103,107.4203,18.31,0.9658,1.3912
2021-05-04,1.3099,107.5303,19.48,0.9639,1.3913
2021-05-05,1.31,107.2111,19.15,0.9641,1.3919
2021-05-06,1.3104,107.527,18.39,0.9642,1.3929
2021-05-07,1.3103,107.944,16.69,0.9654,1.3933
2021-05-10,1.311,107.3147,19.66,0.9679,1.3921
2021-05-11,1.3118,107.4215,21.84,0.9674,1.3896
2021-05-12,1.3128,106.4125,27.59,0.9692,1.3884
2021-05-13,1.3104,108.2775,23.13,0.9677,1.3895
2021-05-14,1.311,107.5579,18.81,0.9666,1.3923
2021-05-17,1.3121,106.671,19.72,0.9674,1.3927
2021-05-18,1.3117,107.0038,21.34,0.9675,1.3917
2021-05-19,1.3115,107.2069,22.18,0.9671,1.3901
2021-05-20,1.311,107.637,20.67,0.9648,1.3924
2021-05-21,1.3115,107.137,20.15,0.965,1.3937
2021-05-24,1.3116,106.6251,18.4,0.9649,1.3949
2021-05-25,1.3102,106.8355,18.84,0.9627,1.3964
2021-05-26,1.3098,106.6856,17.36,0.9638,1.3961
2021-05-27,1.3112,106.4208,16.74,0.9656,1.3955
2021-05-28,1.3109,105.5987,16.76,0.9649,1.3963
2021-06-01,1.3121,105.52,17.9,0.9674,1.396
2021-06-02,1.3122,105.5852,17.48,0.9679,1.3969
2021-06-03,1.3128,105.2739,18.04,0.9695,1.3956
2021-06-04,1.3118,105.6913,16.42,0.9664,1.3976
2021-06-07,1.3123,104.8463,16.42,0.968,1.3974
2021-06-08,1.3117,105.2522,17.07,0.9671,1.3983
2021-06-09,1.3105,105.9206,17.89,0.9662,1.3998
2021-06-10,1.31,106.4532,16.1,0.9649,1.4019
2021-06-11,1.3099,106.6355,15.65,0.9665,1.403
2021-06-14,1.3101,106.0538,16.39,0.9693,1.4027
2021-06-15,1.3104,106.0686,17.02,0.9695,1.4032
2021-06-16,1.3106,105.9245,18.15,0.9725,1.4043
2021-06-17,1.3092,106.1969,17.75,0.9685,1.407
2021-06-18,1.3077,106.3872,20.7,0.9643,1.4089
2021-06-21,1.3092,105.5991,17.89,0.9684,1.4069
2021-06-22,1.309,105.949,16.66,0.9675,1.4067
2021-06-23,1.3094,105.6223,16.32,0.9695,1.4065
2021-06-24,1.309,106.2078,15.97,0.9702,1.4071
2021-06-25,1.3102,105.9424,15.62,0.9734,1.4072
2021-06-28,1.3089,106.1621,15.76,0.9716,1.4089
2021-06-29,1.3098,105.5163,16.02,0.9718,1.4097
2021-06-30,1.3089,105.8741,15.83,0.9716,1.41
2021-07-01,1.3088,106.7154,15.48,0.9733,1.4095
2021-07-02,1.3087,106.527,15.07,0.9719,1.4098
2021-07-06,1.3072,105.9044,16.44,0.9694,1.4107
2021-07-07,1.3063,106.2267,16.2,0.9679,1.4104
2021-07-08,1.3058,106.3002,19.0,0.9651,1.4085
2021-07-09,1.3077,106.0205,16.18,0.9696,1.4077
2021-07-12,1.3076,105.5957,16.17,0.9707,1.4085
2021-07-13,1.3087,105.368,17.12,0.973,1.4076
2021-07-14,1.3072,105.7434,16.33,0.9689,1.409
2021-07-15,1.3065,105.9683,17.01,0.9652,1.4089
2021-07-16,1.3056,106.4256,18.45,0.9654,1.4081
2021-07-19,1.302,107.9731,22.5,0.9543,1.4068
2021-07-20,1.3034,107.6968,19.73,0.9575,1.4062
2021-07-21,1.3055,107.3519,17.91,0.9636,1.4074
2021-07-22,1.3046,107.7785,17.69,0.962,1.4085
2021-07-23,1.3055,107.3348,17.2,0.9642,1.4088
2021-07-26,1.3063,106.7498,17.58,0.9653,1.4088
2021-07-27,1.3045,107.2356,19.36,0.9615,1.4092
2021-07-28,1.3044,107.1202,18.31,0.9613,1.4104
2021-07-29,1.305,107.4521,17.7,0.9638,1.4103
2021-07-30,1.3049,107.4455,18.24,0.9622,1.4101
2021-08-02,1.305,107.3,19.46,0.9594,1.4099
2021-08-03,1.3028,107.9596,18.04,0.9581,1.4094
2021-08-04,1.3023,108.5651,17.97,0.9573,1.4095
2021-08-05,1.3028,108.3151,17.28,0.9595,1.4087
2021-08-06,1.3053,107.9012,16.15,0.9642,1.4061
2021-08-09,1.305,107.4867,16.72,0.9648,1.4044
2021-08-10,1.3059,107.1165,16.79,0.9655,1.4038
2021-08-11,1.3057,107.3917,16.06,0.9644,1.4036
2021-08-12,1.3058,107.4308,15.59,0.9653,1.4048
2021-08-13,1.3042,108.0595,15.45,0.9617,1.4072
2021-08-16,1.304,107.5509,16.12,0.9606,1.407
2021-08-17,1.3037,107.7662,17.91,0.9605,1.4057
2021-08-18,1.3038,108.0843,21.57,0.9605,1.4057
2021-08-19,1.3025,108.752,21.67,0.9574,1.405
2021-08-20,1.3029,108.7566,18.56,0.9583,1.4056
2021-08-23,1.3041,107.8656,17.15,0.9599,1.4062
2021-08-24,1.3044,108.067,17.22,0.9635,1.4062
2021-08-25,1.3066,107.6466,16.79,0.9671,1.4065
2021-08-26,1.3057,107.8855,18.84,0.967,1.4067
2021-08-27,1.3057,107.7099,16.39,0.9667,1.4081
2021-08-30,1.3052,107.543,16.19,0.9668,1.4089
2021-08-31,1.3066,107.2971,16.48,0.9689,1.4083
2021-09-01,1.3058,107.9297,16.11,0.9693,1.4083
2021-09-02,1.3051,108.2813,16.41,0.9692,1.4093
2021-09-03,1.3064,108.0127,16.41,0.9717,1.4085
2021-09-07,1.3081,107.112,18.14,0.974,1.4066
2021-09-08,1.3069,107.5277,17.96,0.9724,1.4075
2021-09-09,1.3059,107.9866,18.8,0.9702,1.4102
2021-09-10,1.3077,107.6883,20.95,0.973,1.4104
2021-09-13,1.3072,107.4097,19.37,0.9723,1.4115
2021-09-14,1.3062,107.3475,19.46,0.9698,1.4121
2021-09-15,1.3083,106.49,18.18,0.9712,1.412
2021-09-16,1.3079,106.8264,18.69,0.973,1.4116
2021-09-17,1.3099,105.9697,20.81,0.9748,1.412
2021-09-20,1.3068,107.4957,25.71,0.968,1.4111
2021-09-21,1.3066,107.8102,24.36,0.9694,1.4118
2021-09-22,1.3064,107.67,20.87,0.9699,1.4136
2021-09-23,1.3104,105.6864,18.63,0.9767,1.4136
2021-09-24,1.3116,105.4544,17.75,0.9786,1.4145
2021-09-27,1.3129,104.727,18.76,0.9796,1.415
2021-09-28,1.3134,104.8602,23.25,0.9807,1.4108
2021-09-29,1.3145,103.9241,22.56,0.9803,1.4109
2021-09-30,1.3145,104.2944,23.14,0.9794,1.4087
2021-10-01,1.3133,105.1624,21.15,0.9766,1.4102
2021-10-04,1.3144,104.3773,22.96,0.9768,1.4091
2021-10-05,1.3162,103.9517,21.3,0.9792,1.4087
2021-10-06,1.3147,104.6589,21.0,0.9759,1.4076
2021-10-07,1.3166,104.4582,19.54,0.9802,1.4072
2021-10-08,1.318,103.9638,18.77,0.9812,1.4051
2021-10-12,1.3173,103.4959,19.85,0.9768,1.4061
2021-10-13,1.3157,103.9056,18.64,0.975,1.4082
2021-10-14,1.3144,104.4399,16.86,0.9765,1.4102
2021-10-15,1.3159,103.4488,16.3,0.9798,1.411
2021-10-18,1.3151,102.7991,16.31,0.9795,1.4113
2021-10-19,1.3165,102.5254,15.7,0.983,1.4098
2021-10-20,1.3173,102.4856,15.49,0.9844,1.4088
2021-10-21,1.318,102.634,15.01,0.9862,1.4084
2021-10-22,1.3175,102.7403,15.43,0.9827,1.4095
2021-10-25,1.3181,102.1186,15.24,0.9822,1.4095
2021-10-26,1.3166,102.2227,15.98,0.981,1.4118
2021-10-27,1.3137,101.7895,16.98,0.977,1.4143
2021-10-28,1.3162,102.3589,16.53,0.9791,1.4133
2021-10-29,1.3177,102.0479,16.26,0.9784,1.4132
2021-11-01,1.3197,100.2238,16.41,0.9791,1.4117
2021-11-02,1.3189,101.1405,16.03,0.9775,1.4123
2021-11-03,1.3185,101.1163,15.1,0.9803,1.4126
2021-11-04,1.317,101.4257,15.44,0.9785,1.4138
2021-11-05,1.3155,101.2126,16.48,0.9779,1.4164
2021-11-08,1.3167,100.7289,17.22,0.981,1.4167
2021-11-09,1.3155,101.096,17.78,0.9775,1.4165
2021-11-10,1.3181,100.415,18.73,0.9825,1.4143
2021-11-12,1.3176,100.2777,16.29,0.9824,1.4124
2021-11-15,1.32,100.185,16.49,0.9843,1.4096
2021-11-16,1.3198,99.274,16.37,0.9838,1.4079
2021-11-17,1.3175,100.3955,17.11,0.9807,1.408
2021-11-18,1.3177,100.9635,17.59,0.9797,1.4086
2021-11-19,1.3159,101.644,17.91,0.9769,1.4096
2021-11-22,1.3184,100.5302,19.17,0.9809,1.4084
2021-11-23,1.32,101.1302,19.38,0.9806,1.4046
2021-11-24,1.3179,102.023,18.58,0.9759,1.4053
2021-11-26,1.3093,107.4373,28.62,0.9615,1.4028
2021-11-29,1.3105,107.8287,22.96,0.9664,1.4029
2021-11-30,1.3076,109.9833,27.19,0.9615,1.4033
2021-12-01,1.3047,111.575,31.12,0.962,1.4028
2021-12-02,1.3034,111.9064,27.95,0.964,1.4026
2021-12-03,1.3018,112.4219,30.67,0.9615,1.4061
2021-12-06,1.3035,111.6143,27.18,0.9687,1.4069
2021-12-07,1.3056,110.4303,21.89,0.9766,1.4095
2021-12-08,1.3063,110.332,19.9,0.9798,1.4074
2021-12-09,1.3055,110.9229,21.58,0.9774,1.407
2021-12-10,1.3061,110.9168,18.69,0.9773,1.4064
2021-12-13,1.3042,111.2973,20.31,0.9735,1.4075
2021-12-14,1.3052,110.6384,21.89,0.9735,1.4055
2021-12-15,1.304,110.9941,19.29,0.976,1.4044
2021-12-16,1.3032,112.0018,20.57,0.9761,1.4047
2021-12-17,1.3011,111.7383,21.57,0.9733,1.4046
2021-12-20,1.3029,112.1411,22.87,0.9734,1.4016
2021-12-21,1.3037,111.8661,21.01,0.9783,1.4041
2021-12-22,1.304,111.7339,18.63,0.979,1.4056
2021-12-23,1.3056,111.2594,17.96,0.9834,1.4063
2021-12-27,1.3042,107.8494,17.68,0.985,1.4087
2021-12-28,1.3043,107.6758,17.54,0.986,1.4088
2021-12-29,1.3069,109.8681,16.95,0.9889,1.4077
2021-12-30,1.3059,110.4482,17.33,0.9861,1.409
2021-12-31,1.3056,110.1488,17.22,0.9846,1.4095
2022-01-03,1.3062,113.4583,16.6,0.9929,1.4063
2022-01-04,1.3109,109.2624,16.91,0.9923,1.4066
2022-01-05,1.3118,110.0239,19.73,0.9934,1.407
2022-01-06,1.313,110.3175,19.61,0.9912,1.4061
2022-01-07,1.3133,110.8278,18.76,0.9913,1.4048
2022-01-10,1.3129,111.095,19.4,0.9892,1.4031
2022-01-11,1.3127,111.0684,18.41,0.9906,1.4038
2022-01-12,1.3132,110.6374,17.62,0.9934,1.4039
2022-01-13,1.3121,111.2045,20.31,0.9903,1.4029
2022-01-14,1.3139,110.7292,19.19,0.9936,1.4008
2022-01-18,1.3156,110.9428,22.79,0.9957,1.398
2022-01-19,1.3147,110.8567,23.85,0.9941,1.3984
2022-01-20,1.3135,111.9751,25.59,0.9916,1.3975
2022-01-21,1.3106,113.821,28.85,0.9846,1.3958
2022-01-24,1.3111,113.8967,29.9,0.983,1.3931
2022-01-25,1.3101,114.6296,31.16,0.9832,1.3928
2022-01-26,1.3101,114.8512,31.96,0.9888,1.3925
2022-01-27,1.3075,116.6841,30.49,0.9792,1.3904
2022-01-28,1.3056,118.4999,27.66,0.9747,1.3876
2022-01-31,1.3045,119.8849,24.83,0.9762,1.3883
2022-02-01,1.3049,121.2232,21.96,0.9811,1.3907
2022-02-02,1.3039,121.3171,22.09,0.9821,1.3912
2022-02-03,1.3038,122.0664,24.35,0.9809,1.3874
2022-02-04,1.3036,123.3704,23.22,0.9813,1.3844
2022-02-07,1.3031,123.5992,22.86,0.9803,1.3842
2022-02-08,1.3031,124.3231,21.44,0.9831,1.3846
2022-02-09,1.3025,124.9242,19.96,0.9854,1.3864
2022-02-10,1.3032,125.5422,23.91,0.9882,1.3846
2022-02-11,1.2997,127.3212,27.36,0.9749,1.3833
2022-02-14,1.3005,127.6833,28.33,0.9756,1.38
2022-02-15,1.3019,128.3988,25.7,0.9798,1.3789
2022-02-16,1.3011,128.9508,24.29,0.9786,1.3753
2022-02-17,1.3,130.0284,28.11,0.975,1.3722
2022-02-18,1.2985,130.7364,27.75,0.972,1.3705
2022-02-22,1.299,130.9107,28.81,0.9721,1.3686
2022-02-23,1.2996,131.2127,31.02,0.9762,1.3663
2022-02-24,1.2945,135.9719,30.32,0.9715,1.3632
2022-02-25,1.2944,135.556,27.59,0.9788,1.3678
2022-02-28,1.2936,136.8009,30.15,0.9726,1.3696
2022-03-01,1.2899,137.2335,33.32,0.9663,1.3683
2022-03-02,1.29,138.0423,30.74,0.9792,1.366
2022-03-03,1.2871,141.9762,30.48,0.9757,1.3668
2022-03-04,1.2804,148.015,31.98,0.9658,1.3629
2022-03-07,1.2782,151.0512,36.45,0.9634,1.3557
2022-03-08,1.2786,153.5831,35.13,0.9642,1.3503
2022-03-09,1.2815,152.1799,32.45,0.9689,1.3531
2022-03-10,1.282,152.6457,30.23,0.969,1.3491
2022-03-11,1.2829,152.4351,30.75,0.9665,1.348
2022-03-14,1.2867,153.349,31.77,0.9667,1.3438
2022-03-15,1.2869,152.2507,29.83,0.9663,1.3463
2022-03-16,1.2879,149.5554,26.67,0.9724,1.3547
2022-03-17,1.2902,146.5128,25.67,0.9812,1.3656
2022-03-18,1.2917,145.7002,23.87,0.9799,1.3676
2022-03-21,1.295,143.9579,23.53,0.9866,1.3678
2022-03-22,1.297,143.297,22.94,0.9885,1.3694
2022-03-23,1.2953,143.252,23.57,0.9824,1.3692
2022-03-24,1.2973,142.7107,21.67,0.9858,1.3679
2022-03-25,1.2995,141.3885,20.81,0.9917,1.3691
2022-03-28,1.2994,140.7523,19.63,0.9894,1.3711
2022-03-29,1.2999,138.9764,18.9,0.9928,1.3766
2022-03-30,1.2998,138.4304,19.33,0.9924,1.3773
2022-03-31,1.2996,138.0117,20.56,0.9923,1.3779
2022-04-01,1.3007,137.7598,19.63,0.9936,1.3803
2022-04-04,1.3012,136.8134,18.57,0.9962,1.3831
2022-04-05,1.3035,136.0175,21.03,1.0023,1.3812
2022-04-06,1.3042,137.2535,22.1,0.9972,1.3762
2022-04-07,1.305,137.2625,21.55,0.9961,1.3744
2022-04-08,1.3056,137.6925,21.16,0.9967,1.3703
2022-04-11,1.3072,137.9869,24.37,0.9932,1.3642
2022-04-12,1.3061,139.3642,24.26,0.9926,1.3626
2022-04-13,1.3063,140.6221,21.82,0.9929,1.3615
2022-04-14,1.3089,140.1192,22.7,0.9992,1.3607
2022-04-18,1.3091,141.3518,22.17,0.9991,1.3574
2022-04-19,1.3083,142.866,21.37,1.0028,1.3549
2022-04-20,1.3069,142.6031,20.32,0.9983,1.3571
2022-04-21,1.3073,144.3197,22.68,0.9999,1.3542
2022-04-22,1.3037,149.0395,28.21,0.9964,1.3493
2022-04-25,1.3015,151.2798,27.02,0.9908,1.3505
2022-04-26,1.2997,152.0395,33.52,0.9865,1.3507
2022-04-27,1.301,152.8416,31.6,0.9882,1.3476
2022-04-28,1.3012,152.6993,29.99,0.9878,1.3468
2022-04-29,1.3023,153.3293,33.4,0.9876,1.3442
2022-05-02,1.3039,153.784,32.34,0.9873,1.3412
2022-05-03,1.3039,154.2248,29.25,0.9881,1.3445
2022-05-04,1.3041,152.2163,25.42,0.9856,1.3463
2022-05-05,1.307,153.1887,31.2,0.9898,1.3443
2022-05-06,1.3088,152.5155,30.19,0.9876,1.3424
2022-05-09,1.3064,154.8656,34.75,0.9738,1.3391
2022-05-10,1.306,155.2481,32.99,0.9721,1.3405
2022-05-11,1.3043,154.9808,32.56,0.9674,1.3421
2022-05-12,1.303,155.4288,31.77,0.9617,1.3399
2022-05-13,1.3043,154.5116,28.87,0.9668,1.3382
2022-05-16,1.3029,155.2364,27.47,0.9647,1.3372
2022-05-17,1.3045,154.8184,26.1,0.9702,1.3364
2022-05-18,1.3006,157.2111,30.96,0.9582,1.3344
2022-05-19,1.2983,158.7142,29.35,0.9555,1.3337
2022-05-20,1.297,158.624,29.43,0.9531,1.3343
2022-05-23,1.2972,158.8653,28.48,0.9597,1.335
2022-05-24,1.2972,159.3176,29.45,0.9543,1.3381
2022-05-25,1.2962,158.9775,28.37,0.9622,1.344
2022-05-26,1.2979,158.8666,27.5,0.9756,1.3498
2022-05-27,1.298,158.5839,25.72,0.982,1.3524
2022-05-31,1.2997,160.408,26.19,0.9882,1.3543
2022-06-01,1.3002,161.035,25.69,0.991,1.3555
2022-06-02,1.3014,159.2898,24.72,0.9909,1.3554
2022-06-03,1.303,158.6459,24.79,0.9882,1.3541
2022-06-06,1.306,157.2691,25.07,0.9918,1.3536
2022-06-07,1.3065,156.95,24.02,0.9861,1.3544
2022-06-08,1.3084,155.8254,23.96,0.9865,1.3537
2022-06-09,1.3081,155.9307,26.09,0.9818,1.3514
2022-06-10,1.308,157.106,27.75,0.9776,1.347
2022-06-13,1.3091,160.3126,34.02,0.9647,1.338
2022-06-14,1.3112,160.5041,32.69,0.9675,1.3369
2022-06-15,1.3096,160.7934,29.62,0.9661,1.3409
2022-06-16,1.3072,161.0158,32.95,0.9525,1.3364
2022-06-17,1.3076,161.4246,31.13,0.9542,1.3379
2022-06-21,1.3108,159.8669,30.19,0.9604,1.3366
2022-06-22,1.3089,160.4843,28.95,0.9477,1.3333
2022-06-23,1.3066,160.5212,29.05,0.9454,1.3331
2022-06-24,1.3082,159.9178,27.23,0.9542,1.335
2022-06-27,1.309,160.9182,26.95,0.9576,1.3337
2022-06-28,1.3086,161.4123,28.36,0.9501,1.332
2022-06-29,1.3068,161.5005,28.16,0.9378,1.331
2022-06-30,1.3055,162.9506,28.71,0.9299,1.3281
2022-07-01,1.3055,164.0136,26.7,0.9267,1.3284
2022-07-05,1.3025,165.1765,27.54,0.9231,1.3272
2022-07-06,1.3045,164.9245,26.73,0.9318,1.3297
2022-07-07,1.3053,163.7044,26.08,0.9428,1.3338
2022-07-08,1.307,163.6912,24.64,0.9492,1.3362
2022-07-11,1.3054,164.1438,26.17,0.9452,1.3365
2022-07-12,1.3048,164.1892,27.29,0.9442,1.3355
2022-07-13,1.3027,163.8868,26.82,0.9416,1.3372
2022-07-14,1.3027,164.2345,26.4,0.9408,1.3354
2022-07-15,1.3021,163.7552,24.23,0.9438,1.3392
2022-07-18,1.3026,163.2404,25.3,0.9506,1.3406
2022-07-19,1.3031,162.4365,24.5,0.9576,1.342
2022-07-20,1.3045,161.7066,23.88,0.964,1.3434
2022-07-21,1.3012,161.8943,23.11,0.9601,1.3456
2022-07-22,1.2994,161.6962,23.03,0.9574,1.3467
2022-07-25,1.3004,161.9258,23.36,0.9615,1.3438
2022-07-26,1.2987,162.6186,24.69,0.9586,1.3422
2022-07-27,1.2989,161.2998,23.24,0.9612,1.3448
2022-07-28,1.2957,161.5999,22.33,0.9618,1.3465
2022-07-29,1.2958,160.6605,21.33,0.9693,1.3496
2022-08-01,1.2959,161.7568,22.84,0.9671,1.3505
2022-08-02,1.2974,162.4242,23.93,0.9773,1.3482
2022-08-03,1.297,161.6406,21.95,0.9749,1.352
2022-08-04,1.2966,160.9553,21.44,0.9761,1.3513
2022-08-05,1.2981,161.1768,21.15,0.9845,1.3497
2022-08-08,1.2966,160.6845,21.29,0.9831,1.3508
2022-08-09,1.2973,160.2456,21.77,0.9815,1.3492
2022-08-10,1.2972,159.1267,19.74,0.9883,1.3533
2022-08-11,1.2999,157.0196,20.2,0.9965,1.3546
2022-08-12,1.2989,157.0343,19.53,0.9947,1.359
2022-08-15,1.2984,157.316,19.95,0.9945,1.3599
2022-08-16,1.2988,157.0808,19.69,0.993,1.3591
2022-08-17,1.3015,157.2219,19.9,0.9926,1.3562
2022-08-18,1.3009,156.8083,19.56,0.9899,1.3561
2022-08-19,1.3035,156.4452,20.6,0.9895,1.3517
2022-08-22,1.3043,157.0905,23.8,0.9835,1.3484
2022-08-23,1.3051,157.3968,24.11,0.9827,1.3487
2022-08-24,1.3056,156.8738,22.82,0.9859,1.3497
2022-08-25,1.3037,156.8483,21.78,0.9842,1.353
2022-08-26,1.3043,158.1042,25.56,0.9812,1.3514
2022-08-29,1.3054,157.8846,26.21,0.9791,1.3478
2022-08-30,1.3042,158.3171,26.21,0.9723,1.347
2022-08-31,1.3062,157.9206,25.87,0.9711,1.3433
2022-09-01,1.3085,157.9658,25.56,0.9713,1.3394
2022-09-02,1.3065,158.6681,25.47,0.9712,1.3397
2022-09-06,1.31,157.9661,26.91,0.9769,1.3359
2022-09-07,1.3082,158.1402,24.64,0.9753,1.3385
2022-09-08,1.3095,157.5556,23.61,0.9833,1.3398
2022-09-09,1.3084,157.7384,22.79,0.9905,1.343
2022-09-12,1.3095,158.0757,23.87,0.995,1.3438
2022-09-13,1.3104,157.9532,27.27,0.9881,1.342
2022-09-14,1.3085,157.9813,26.16,0.9853,1.3435
2022-09-15,1.3074,158.2021,26.27,0.9828,1.3429
2022-09-16,1.3065,159.2512,26.3,0.978,1.34
2022-09-19,1.3062,159.1551,25.76,0.9803,1.3409
2022-09-20,1.3045,160.671,27.16,0.9817,1.3391
2022-09-21,1.3021,160.7143,27.99,0.9795,1.3409
2022-09-22,1.3043,160.1366,27.35,0.9813,1.3363
2022-09-23,1.2997,162.9897,29.92,0.9722,1.334
2022-09-26,1.3027,164.751,32.26,0.9725,1.3288
2022-09-27,1.3052,165.7859,32.6,0.9742,1.3216
2022-09-28,1.2967,167.9217,30.18,0.9627,1.3196
2022-09-29,1.2965,170.4509,31.84,0.9611,1.3143
2022-09-30,1.2965,170.7993,31.62,0.9658,1.3182
2022-10-03,1.2951,174.2341,30.1,0.9641,1.3244
2022-10-04,1.2954,172.7667,29.07,0.976,1.3287
2022-10-05,1.2991,172.7809,28.55,0.9804,1.3267
2022-10-06,1.3005,171.8388,30.52,0.9851,1.3292
2022-10-07,1.3022,171.0243,31.36,0.9838,1.326
2022-10-11,1.3052,172.9311,33.63,0.9775,1.3192
2022-10-12,1.3029,173.235,33.57,0.974,1.3151
2022-10-13,1.3016,172.9301,31.94,0.977,1.3165
2022-10-14,1.303,172.5049,32.02,0.9805,1.3146
2022-10-17,1.301,174.6175,31.37,0.9856,1.3155
2022-10-18,1.2993,174.9894,30.5,0.9889,1.3177
2022-10-19,1.3035,175.2867,30.76,0.9909,1.3151
2022-10-20,1.3047,175.7953,29.98,0.9941,1.3143
2022-10-21,1.3034,178.0057,29.69,0.9938,1.3126
2022-10-24,1.3019,178.7356,29.85,0.9979,1.3151
2022-10-25,1.2993,178.6541,28.46,0.9952,1.3189
2022-10-26,1.2952,179.5594,27.28,0.9964,1.3203
2022-10-27,1.2934,178.4286,27.39,0.9972,1.3206
2022-10-28,1.2937,178.1634,25.75,1.006,1.3226
2022-10-31,1.2956,178.3446,25.88,1.005,1.323
2022-11-01,1.2955,177.9092,25.81,1.005,1.3269
2022-11-02,1.2977,176.7567,25.86,1.0057,1.3276
2022-11-03,1.2987,176.5665,25.3,0.9996,1.3255
2022-11-04,1.3018,176.1629,24.55,1.0027,1.3268
2022-11-07,1.3036,177.0138,24.35,1.0075,1.3287
2022-11-08,1.3002,177.5823,25.54,1.003,1.3296
2022-11-09,1.2986,177.0045,26.09,0.9953,1.3273
2022-11-10,1.2946,177.6449,23.53,0.9953,1.3355
2022-11-14,1.2964,175.6667,23.73,1.0028,1.3403
2022-11-15,1.2961,174.4997,24.54,1.002,1.3451
2022-11-16,1.294,174.719,24.11,0.9967,1.3476
2022-11-17,1.2957,174.4192,23.93,0.9973,1.3473
2022-11-18,1.2963,173.989,23.12,1.001,1.3503
2022-11-21,1.2965,173.4797,22.36,1.0014,1.3515
2022-11-22,1.2967,172.5704,21.29,1.0014,1.3544
2022-11-23,1.2975,170.1556,20.35,1.0018,1.3576
2022-11-25,1.2993,168.0455,20.5,1.0029,1.3588
2022-11-28,1.301,167.0417,22.21,0.9983,1.3556
2022-11-29,1.3031,166.2078,21.89,1.0003,1.3533
2022-11-30,1.3043,164.1186,20.58,1.0,1.3553
2022-12-01,1.3026,164.6479,19.84,0.9992,1.3592
2022-12-02,1.3023,164.2584,19.06,0.9972,1.3615
2022-12-05,1.3024,165.0067,20.75,1.0014,1.3609
2022-12-06,1.301,165.8878,22.17,0.9945,1.3621
2022-12-07,1.3018,165.1827,22.68,0.9869,1.3628
2022-12-08,1.3026,164.0573,22.29,0.9917,1.365
2022-12-09,1.3049,163.2828,22.83,0.9994,1.3636
2022-12-12,1.3067,162.8158,25.0,1.0011,1.3644
2022-12-13,1.3073,160.9171,22.55,1.0022,1.3653
2022-12-14,1.3073,160.672,21.14,1.0009,1.3648
2022-12-15,1.306,160.9772,22.83,0.9953,1.364
2022-12-16,1.3058,162.3664,22.62,0.9929,1.3618
2022-12-19,1.3078,162.6954,22.42,0.9952,1.3593
2022-12-20,1.3096,162.5016,21.48,0.9973,1.3553
2022-12-21,1.3103,162.4889,20.07,1.001,1.3576
2022-12-22,1.3111,161.6965,21.97,0.9993,1.3582
2022-12-23,1.3129,160.4783,20.87,1.0027,1.3585
2022-12-27,1.3132,160.2142,21.65,1.0066,1.3563
2022-12-28,1.3153,162.4088,22.14,1.0007,1.3559
2022-12-29,1.3146,162.1369,21.44,0.9974,1.3577
2022-12-30,1.3153,161.3367,21.67,0.9989,1.3563
2023-01-03,1.3126,163.3483,22.9,1.0007,1.3564
2023-01-04,1.3112,163.4401,22.01,1.0016,1.3569
2023-01-05,1.3119,162.7673,22.46,1.0026,1.3577
2023-01-06,1.3106,161.9439,21.13,1.0044,1.3607
2023-01-09,1.3114,161.7808,21.97,1.0077,1.3634
2023-01-10,1.3126,161.6814,20.58,1.0123,1.3643
2023-01-11,1.3109,160.9167,21.09,1.0116,1.3682
2023-01-12,1.3093,160.5205,18.83,1.0095,1.3707
2023-01-13,1.3098,159.5584,18.35,1.0142,1.3716
2023-01-17,1.3106,159.0966,19.36,1.0158,1.3723
2023-01-18,1.3095,157.9978,20.34,1.0096,1.3739
2023-01-19,1.3098,156.9254,20.52,1.0063,1.3724
2023-01-20,1.3126,155.4525,19.85,1.0101,1.3717
2023-01-23,1.3143,154.3138,19.81,1.0141,1.3731
2023-01-24,1.3139,153.5173,19.2,1.01,1.3741
2023-01-25,1.3128,153.4885,19.08,1.0086,1.3736
2023-01-26,1.315,151.1572,18.73,1.0137,1.3759
2023-01-27,1.3165,150.2051,18.51,1.0144,1.3755
2023-01-30,1.3171,150.2063,19.94,1.0138,1.3747
2023-01-31,1.3184,148.9053,19.4,1.0116,1.3762
2023-02-01,1.3186,148.4767,17.87,1.0103,1.3782
2023-02-02,1.3218,143.3959,18.73,1.0222,1.3817
2023-02-03,1.3235,141.8391,18.33,1.0251,1.3803
2023-02-06,1.3258,142.181,19.43,1.0243,1.3799
2023-02-07,1.3272,141.6199,18.66,1.026,1.3782
2023-02-08,1.3253,142.243,19.63,1.0225,1.3778
2023-02-09,1.3253,142.8247,20.71,1.0239,1.3756
2023-02-10,1.3264,143.4425,20.53,1.0195,1.3723
2023-02-13,1.3252,144.2185,20.34,1.018,1.3723
2023-02-14,1.3264,144.1242,18.91,1.0196,1.3728
2023-02-15,1.3284,143.5649,18.23,1.0201,1.3723
2023-02-16,1.3287,143.5437,20.17,1.0198,1.3697
2023-02-17,1.3287,142.9034,20.02,1.0145,1.3684
2023-02-21,1.3302,145.7146,22.87,1.0133,1.3646
2023-02-22,1.3288,145.6566,22.29,1.0143,1.3649
2023-02-23,1.3279,144.9167,21.14,1.0174,1.3663
2023-02-24,1.3294,144.1661,21.67,1.0206,1.3653
2023-02-27,1.3295,145.1617,20.95,1.0224,1.3646
2023-02-28,1.3289,144.3344,20.7,1.0225,1.3643
2023-03-01,1.3319,143.6696,20.58,1.0258,1.3635
2023-03-02,1.3329,142.7261,19.59,1.0273,1.3651
2023-03-03,1.3296,142.5211,18.49,1.0274,1.3695
2023-03-06,1.3315,141.3304,18.61,1.0325,1.3701
2023-03-07,1.3301,141.9635,19.59,1.0301,1.3688
2023-03-08,1.3287,142.4709,19.11,1.0253,1.3665
2023-03-09,1.3278,142.6025,22.61,1.0191,1.363
2023-03-10,1.3211,146.7872,24.8,1.0019,1.3579
2023-03-13,1.3131,155.4628,26.52,0.9885,1.3456
2023-03-14,1.318,153.8118,23.73,0.9993,1.3503
2023-03-15,1.3106,162.3139,26.14,0.9816,1.3421
2023-03-16,1.3116,161.7626,22.99,0.9922,1.3486
2023-03-17,1.3053,169.5145,25.51,0.982,1.3467
2023-03-20,1.3065,169.7772,24.15,0.9838,1.3471
2023-03-21,1.3093,166.6946,21.38,0.9952,1.3565
2023-03-22,1.3056,167.5202,22.26,0.9898,1.3563
2023-03-23,1.3065,167.514,22.61,0.986,1.3544
2023-03-24,1.3035,171.0649,21.74,0.9818,1.3534
2023-03-27,1.3068,169.9241,20.6,0.992,1.3548
2023-03-28,1.3072,170.6985,19.97,0.9917,1.3544
2023-03-29,1.3061,170.1575,19.12,0.998,1.3576
2023-03-30,1.3073,168.2234,19.02,1.001,1.3604
2023-03-31,1.3089,165.2513,18.7,1.0044,1.3629
2023-04-03,1.3095,165.2364,18.55,1.0043,1.3648
2023-04-04,1.3085,164.7594,19.0,0.9994,1.3631
2023-04-05,1.309,164.4142,19.08,0.9938,1.3621
2023-04-06,1.3091,163.781,18.4,0.9937,1.3619
2023-04-10,1.3118,162.7696,18.97,1.0012,1.3624
2023-04-11,1.3126,162.3981,19.1,1.0034,1.3643
2023-04-12,1.3125,161.855,19.09,1.004,1.3635
2023-04-13,1.3154,159.4391,17.8,1.01,1.3643
2023-04-14,1.318,157.0724,17.07,1.0137,1.3657
2023-04-17,1.3196,156.5364,16.95,1.0165,1.3659
2023-04-18,1.3194,156.6317,16.83,1.0163,1.3679
2023-04-19,1.3203,155.9752,16.46,1.0155,1.3667
2023-04-20,1.318,157.0065,17.17,1.0095,1.3655
2023-04-21,1.3178,157.07,16.77,1.0129,1.3661
2023-04-24,1.3183,156.7014,16.89,1.0111,1.3671
2023-04-25,1.3154,158.5219,18.76,1.0027,1.3648
2023-04-26,1.3177,157.4753,18.84,1.005,1.3637
2023-04-27,1.3203,155.7741,17.03,1.0118,1.3656
2023-04-28,1.3176,157.6097,15.78,1.009,1.366
2023-05-01,1.3213,155.8494,16.08,1.0174,1.3625
2023-05-02,1.3172,158.2382,17.78,1.0049,1.3617
2023-05-03,1.3165,158.0079,18.34,1.001,1.3598
2023-05-04,1.317,159.277,20.09,0.9973,1.355
2023-05-05,1.3202,157.2316,17.19,1.0046,1.3572
2023-05-08,1.3208,158.0096,16.98,1.0086,1.3554
2023-05-09,1.3199,158.9124,17.71,1.0086,1.3558
2023-05-10,1.3192,159.4029,16.94,1.0058,1.3566
2023-05-11,1.3181,158.8264,16.93,1.0032,1.3576
2023-05-12,1.3199,157.6998,17.03,1.0057,1.3569
2023-05-15,1.3214,158.3228,17.12,1.0078,1.3547
2023-05-16,1.3227,158.1147,17.99,1.0066,1.3529
2023-05-17,1.3233,157.3832,16.87,1.0091,1.3539
2023-05-18,1.325,156.1703,16.05,1.0126,1.3548
2023-05-19,1.3223,156.5714,16.81,1.0157,1.356
2023-05-22,1.3226,156.8941,17.21,1.0189,1.3573
2023-05-23,1.3262,156.2562,18.53,1.0164,1.3579
2023-05-24,1.3262,156.7675,20.03,1.0142,1.3574
2023-05-25,1.3266,156.2047,19.14,1.0181,1.3594
2023-05-26,1.3275,156.2409,17.95,1.0195,1.3613
2023-05-30,1.3261,157.0771,17.46,1.0157,1.3628
2023-05-31,1.3254,156.9796,17.94,1.0115,1.362
2023-06-01,1.3261,156.03,15.65,1.0124,1.3629
2023-06-02,1.3291,152.9516,14.6,1.0238,1.3657
2023-06-05,1.3298,153.1147,14.73,1.0239,1.365
2023-06-06,1.3303,152.3352,13.96,1.0238,1.3655
2023-06-07,1.3334,150.6501,13.94,1.0284,1.3637
2023-06-08,1.3322,151.0883,13.65,1.0252,1.3642
2023-06-09,1.3321,150.8537,13.83,1.0288,1.3641
2023-06-12,1.3319,151.2073,15.01,1.0276,1.3647
2023-06-13,1.3346,149.8239,14.61,1.0345,1.3661
2023-06-14,1.333,150.8145,13.88,1.0338,1.3672
2023-06-15,1.332,150.3836,14.5,1.0308,1.3695
2023-06-16,1.3335,148.8894,13.54,1.0335,1.3713
2023-06-20,1.333,149.6759,13.88,1.0303,1.3722
2023-06-21,1.3349,148.7152,13.2,1.0268,1.3719
2023-06-22,1.3352,147.8381,12.91,1.0296,1.3714
2023-06-23,1.3318,150.4736,13.44,1.0238,1.3707
2023-06-26,1.3304,151.6408,14.25,1.0226,1.371
2023-06-27,1.3309,151.5558,13.74,1.0276,1.3719
2023-06-28,1.3289,153.2161,13.43,1.028,1.3729
2023-06-29,1.3322,149.9313,13.54,1.0352,1.3743
2023-06-30,1.3322,150.5409,13.59,1.0362,1.378
2023-07-03,1.3323,151.8346,13.57,1.0393,1.3793
2023-07-05,1.335,150.1903,14.18,1.0409,1.3775
2023-07-06,1.3356,149.6076,15.44,1.0405,1.3749
2023-07-07,1.3371,149.8819,14.83,1.0425,1.3748
2023-07-10,1.3366,150.5767,15.07,1.0413,1.375
2023-07-11,1.3369,150.0144,14.84,1.0433,1.3773
2023-07-12,1.3357,150.1956,13.54,1.0449,1.3793
2023-07-13,1.3355,148.8191,13.61,1.043,1.3798
2023-07-14,1.3363,148.3668,13.34,1.045,1.3782
2023-07-17,1.3363,148.8997,13.48,1.0436,1.3778
2023-07-18,1.3367,148.877,13.3,1.0448,1.3791
2023-07-19,1.337,147.7501,13.76,1.0427,1.3809
2023-07-20,1.3397,146.4398,13.99,1.0453,1.3801
2023-07-21,1.3382,146.7084,13.6,1.0463,1.3812
2023-07-24,1.3408,145.5583,13.91,1.049,1.3825
2023-07-25,1.3415,145.3542,13.86,1.0495,1.3833
2023-07-26,1.3407,145.4813,13.19,1.0479,1.3843
2023-07-27,1.3453,141.7078,14.41,1.0547,1.3841
2023-07-28,1.343,143.1499,13.33,1.0533,1.3861
2023-07-31,1.3439,142.4949,13.63,1.0542,1.3876
2023-08-01,1.3461,143.9646,13.93,1.0563,1.3851
2023-08-02,1.3458,145.1107,16.09,1.0543,1.3814
2023-08-03,1.3477,144.3394,15.92,1.058,1.3792
2023-08-04,1.3455,145.5673,17.1,1.0537,1.3807
2023-08-07,1.3457,145.8455,15.77,1.0574,1.3801
2023-08-08,1.3438,146.6423,15.99,1.0542,1.38
2023-08-09,1.3439,146.3384,15.96,1.0548,1.3805
2023-08-10,1.3459,145.3397,15.85,1.0619,1.3795
2023-08-11,1.3469,144.7752,14.84,1.0632,1.3794
2023-08-14,1.3473,145.4655,14.82,1.0643,1.38
2023-08-15,1.3486,145.1378,16.46,1.0637,1.3778
2023-08-16,1.3483,146.118,16.78,1.0655,1.3763
2023-08-17,1.3479,146.8287,17.89,1.0619,1.3745
2023-08-18,1.3455,148.0417,17.3,1.0589,1.3752
2023-08-21,1.3477,147.3095,17.13,1.063,1.3749
2023-08-22,1.3476,147.6155,16.97,1.063,1.3766
2023-08-23,1.3435,148.9614,15.98,1.0598,1.3807
2023-08-24,1.3458,146.7314,17.2,1.0603,1.3806
2023-08-25,1.3453,147.4099,15.68,1.0615,1.3814
2023-08-28,1.3448,148.1176,15.08,1.0627,1.3829
2023-08-29,1.3434,148.3503,14.45,1.0611,1.3839
2023-08-30,1.3434,148.6333,13.88,1.0636,1.384
2023-08-31,1.3437,147.6412,13.57,1.0627,1.384
2023-09-01,1.3462,148.6552,13.09,1.0674,1.382
2023-09-05,1.347,148.6362,14.01,1.0691,1.3806
2023-09-06,1.3457,149.818,14.45,1.0686,1.3805
2023-09-07,1.345,150.0808,14.4,1.0673,1.3816
2023-09-08,1.3457,149.3839,13.84,1.0674,1.3827
2023-09-11,1.346,149.9633,13.8,1.07,1.3824
2023-09-12,1.3461,149.8376,14.23,1.0688,1.3817
2023-09-13,1.3458,150.4719,13.48,1.0688,1.3818
2023-09-14,1.3466,149.0996,12.82,1.0725,1.383
2023-09-15,1.3475,148.7193,13.79,1.0732,1.3828
2023-09-18,1.3477,148.8426,14.0,1.0716,1.3839
2023-09-19,1.3493,148.226,14.11,1.0727,1.3841
2023-09-20,1.349,148.5386,15.14,1.0734,1.3858
2023-09-21,1.3514,147.0952,17.54,1.0744,1.383
2023-09-22,1.3501,148.0252,17.2,1.0715,1.3851
2023-09-25,1.3534,146.913,16.9,1.0758,1.3836
2023-09-26,1.3526,147.8855,18.94,1.0731,1.3822
2023-09-27,1.3537,147.3928,18.22,1.0747,1.3808
2023-09-28,1.3528,147.6059,17.34,1.0728,1.3791
2023-09-29,1.3534,147.5384,17.52,1.0738,1.3775
2023-10-02,1.3535,150.0796,17.61,1.0744,1.3749
2023-10-03,1.3561,151.136,19.78,1.072,1.3709
2023-10-04,1.3535,152.3565,18.58,1.067,1.3724
2023-10-05,1.3533,152.0687,18.49,1.0675,1.3716
2023-10-06,1.3537,152.0966,17.45,1.072,1.372
2023-10-10,1.3506,153.6643,17.03,1.0715,1.3754
2023-10-11,1.3497,152.6926,16.09,1.0677,1.3769
2023-10-12,1.3526,151.5913,16.69,1.0725,1.3754
2023-10-13,1.35,152.7387,19.32,1.0675,1.3759
2023-10-16,1.3522,151.8792,17.21,1.0713,1.375
2023-10-17,1.3521,153.021,17.88,1.0742,1.3737
2023-10-18,1.3528,153.2308,19.22,1.073,1.3705
2023-10-19,1.3549,152.5619,21.4,1.0745,1.3672
2023-10-20,1.3527,154.2949,21.71,1.0692,1.3657
2023-10-23,1.3514,155.0642,20.37,1.0675,1.368
2023-10-24,1.3518,154.0422,18.97,1.0692,1.3712
2023-10-25,1.355,152.9672,20.19,1.0744,1.3699
2023-10-26,1.3511,154.5747,20.68,1.068,1.3702
2023-10-27,1.3516,154.0366,21.27,1.0675,1.3688
2023-10-30,1.3532,153.2923,19.75,1.0701,1.3681
2023-10-31,1.3539,153.5535,18.14,1.0743,1.3683
2023-11-01,1.3514,155.2843,16.87,1.0698,1.3704
2023-11-02,1.3513,152.6903,15.66,1.077,1.3759
2023-11-03,1.35,153.0114,14.91,1.0806,1.3764
2023-11-06,1.3527,151.3074,14.89,1.0845,1.3764
2023-11-07,1.351,152.4535,14.81,1.0789,1.3774
2023-11-08,1.3503,152.1839,14.45,1.0755,1.3788
2023-11-09,1.3536,150.3476,15.29,1.0811,1.3783
2023-11-10,1.3501,150.5289,14.17,1.0805,1.3806
2023-11-13,1.3501,150.5289,14.76,1.0808,1.3814
2023-11-14,1.3512,151.1866,14.16,1.0789,1.3852
2023-11-15,1.354,148.9342,14.18,1.0842,1.3859
2023-11-16,1.3524,149.3304,14.32,1.0784,1.3875
2023-11-17,1.3525,148.3634,13.8,1.0788,1.3903
2023-11-20,1.3534,148.0571,13.41,1.0797,1.3923
2023-11-21,1.3544,147.1587,13.35,1.0793,1.3924
2023-11-22,1.3554,145.9451,12.85,1.0812,1.3955
2023-11-23,1.3566,144.9622,12.8,1.0812,1.3955
2023-11-24,1.3576,144.5227,12.46,1.085,1.3955
2023-11-27,1.3565,144.8329,12.69,1.0807,1.3971
2023-11-28,1.3565,144.6215,12.69,1.0804,1.3973
2023-11-29,1.3559,143.7911,12.98,1.0812,1.4005
2023-11-30,1.358,141.2588,12.92,1.0853,1.4014
2023-12-01,1.3574,141.9766,12.63,1.0807,1.403
2023-12-04,1.3582,142.0753,13.08,1.0844,1.4029
2023-12-05,1.3573,141.488,12.85,1.0798,1.4034
2023-12-06,1.3572,140.5945,12.97,1.0777,1.4041
2023-12-07,1.3582,139.5518,13.06,1.08,1.404
2023-12-08,1.3593,138.7247,12.35,1.0835,1.405
2023-12-11,1.3602,138.7515,12.63,1.0829,1.405
2023-12-12,1.3601,138.6654,12.07,1.083,1.4077
2023-12-13,1.3606,135.1489,12.19,1.0774,1.4117
2023-12-14,1.361,132.887,12.48,1.0828,1.4159
2023-12-15,1.3614,133.2826,12.28,1.0829,1.4147
2023-12-18,1.363,132.3531,12.56,1.0851,1.4134
2023-12-19,1.3624,132.3218,12.53,1.0861,1.4131
2023-12-20,1.3617,132.6198,13.67,1.0846,1.4119
2023-12-21,1.3626,133.9166,13.65,1.0874,1.4115
2023-12-22,1.3642,132.7517,13.03,1.0892,1.4111
2023-12-26,1.3642,132.7517,12.99,1.0894,1.4125
2023-12-27,1.3626,131.5904,12.43,1.0864,1.4146
2023-12-28,1.3633,131.2269,12.47,1.0886,1.4152
2023-12-29,1.3627,131.7969,12.45,1.0891,1.4145
2024-01-02,1.3644,133.2426,13.2,1.0888,1.4111
2024-01-03,1.3622,135.1841,14.04,1.0823,1.4079
2024-01-04,1.3641,133.8582,14.13,1.0854,1.4074
2024-01-05,1.3649,133.8547,13.35,1.088,1.4071
2024-01-08,1.3644,134.6238,13.08,1.0879,1.4096
2024-01-09,1.3647,134.2231,12.76,1.0905,1.4121
2024-01-10,1.3659,132.8912,12.69,1.094,1.4137
2024-01-11,1.3662,132.6025,12.44,1.0913,1.415
2024-01-12,1.3658,132.5844,12.7,1.0913,1.4153
2024-01-15,1.3663,132.9905,13.25,1.0913,1.4153
2024-01-16,1.3686,132.4075,13.84,1.095,1.4136
2024-01-17,1.3699,132.0831,14.79,1.094,1.4143
2024-01-18,1.371,130.7685,14.13,1.0966,1.4155
2024-01-19,1.3715,129.9854,13.3,1.097,1.416
2024-01-22,1.3717,130.3181,13.19,1.0973,1.4165
2024-01-23,1.3729,128.7664,12.55,1.0988,1.4152
2024-01-24,1.3739,128.0844,13.14,1.1021,1.4163
2024-01-25,1.3747,126.6245,13.45,1.101,1.4185
2024-01-26,1.3758,125.7314,13.26,1.1035,1.4188
2024-01-29,1.3758,125.5961,13.6,1.1004,1.4184
2024-01-30,1.3757,124.6296,13.31,1.0989,1.4185
2024-01-31,1.3749,124.6509,14.35,1.0921,1.4161
2024-02-01,1.3735,126.4348,13.88,1.0885,1.4159
2024-02-02,1.3759,125.9073,13.85,1.0967,1.4168
2024-02-05,1.3781,125.5913,13.67,1.1008,1.4164
2024-02-06,1.3778,125.3916,13.06,1.0983,1.4175
2024-02-07,1.3793,124.5543,12.83,1.1019,1.4167
2024-02-08,1.3813,122.9049,12.79,1.105,1.4156
2024-02-09,1.3822,122.09,12.93,1.1071,1.4147
2024-02-12,1.3832,122.0356,13.93,1.1066,1.4144
2024-02-13,1.3835,122.6471,15.85,1.11,1.4134
2024-02-14,1.3825,122.2613,14.38,1.108,1.4145
2024-02-15,1.3828,120.6572,14.01,1.108,1.4163
2024-02-16,1.3854,118.7638,14.24,1.11,1.4165
2024-02-19,1.3854,118.7638,14.71,1.11,1.4165
2024-02-20,1.3833,119.1224,15.42,1.1093,1.4174
2024-02-21,1.3843,118.5536,15.34,1.1117,1.4182
2024-02-22,1.3854,117.4064,14.54,1.1142,1.4198
2024-02-23,1.3849,116.9686,13.75,1.1115,1.4183
2024-02-26,1.3855,116.8912,13.74,1.113,1.4165
2024-02-27,1.3867,116.6499,13.43,1.1145,1.4168
2024-02-28,1.3863,116.6945,13.84,1.111,1.4144
2024-02-29,1.3853,116.4417,13.4,1.1099,1.4134
2024-03-01,1.3843,118.3056,13.11,1.1076,1.4136
2024-03-04,1.3842,119.4879,13.49,1.1106,1.4148
2024-03-05,1.3821,120.8706,14.46,1.106,1.4141
2024-03-06,1.3815,120.9706,14.5,1.1055,1.4153
2024-03-07,1.3817,120.7959,14.44,1.1061,1.4161
2024-03-08,1.3812,120.7636,14.74,1.1068,1.417
2024-03-11,1.3817,121.3179,15.22,1.1075,1.4177
2024-03-12,1.3816,121.5676,13.84,1.1115,1.419
2024-03-13,1.3823,121.2907,13.75,1.1142,1.4202
2024-03-14,1.3841,120.4106,14.4,1.1183,1.4195
2024-03-15,1.3846,120.2281,14.41,1.118,1.4206
2024-03-18,1.3855,119.9719,14.33,1.1198,1.4215
2024-03-19,1.385,119.65,13.82,1.1196,1.4213
2024-03-20,1.3851,119.477,13.04,1.1192,1.4203
2024-03-21,1.386,117.8444,12.92,1.1207,1.4223
2024-03-22,1.3854,117.4489,13.06,1.1172,1.4222
2024-03-25,1.3864,117.8889,13.19,1.1184,1.4212
2024-03-26,1.3865,117.8686,13.24,1.1167,1.4202
2024-03-27,1.3861,117.3316,12.78,1.1149,1.4212
2024-03-28,1.3862,117.7785,13.01,1.1158,1.4225
2024-04-01,1.3887,119.441,13.65,1.1215,1.4212
2024-04-02,1.3891,119.3802,14.61,1.1194,1.4209
2024-04-03,1.3892,118.9186,14.33,1.1191,1.4218
2024-04-04,1.3889,118.3768,16.35,1.117,1.4208
2024-04-05,1.3892,118.065,16.03,1.1223,1.4209
2024-04-08,1.3907,117.6371,15.19,1.124,1.4232
2024-04-09,1.3902,117.0337,14.98,1.1218,1.4237
2024-04-10,1.3921,116.7771,15.8,1.129,1.4226
2024-04-11,1.3928,116.0555,14.91,1.1273,1.4218
2024-04-12,1.3915,116.8969,17.31,1.1227,1.4201
2024-04-15,1.3932,116.5899,19.23,1.125,1.4167
2024-04-16,1.3921,117.394,18.4,1.1238,1.4147
2024-04-17,1.3919,117.6654,18.21,1.119,1.4157
2024-04-18,1.393,116.9728,18.0,1.1216,1.4161
2024-04-19,1.3926,117.0248,18.71,1.1211,1.416
2024-04-22,1.3936,116.8807,16.94,1.1244,1.4174
2024-04-23,1.3945,116.1015,15.69,1.1275,1.4187
2024-04-24,1.3955,115.648,15.97,1.1295,1.4177
2024-04-25,1.396,115.6899,15.37,1.1295,1.4174
2024-04-26,1.3958,115.6363,15.03,1.1302,1.4193
2024-04-29,1.3953,115.7305,14.67,1.1299,1.4204
2024-04-30,1.3964,115.4172,15.65,1.1317,1.4193
2024-05-01,1.3961,116.2625,15.39,1.1292,1.4196
2024-05-02,1.3962,115.3945,14.68,1.1295,1.4213
2024-05-03,1.3959,114.8993,13.49,1.1304,1.423
2024-05-06,1.3957,114.6881,13.49,1.1312,1.4248
2024-05-07,1.3953,114.7232,13.23,1.1294,1.4242
2024-05-08,1.3963,114.3271,13.0,1.13,1.4233
2024-05-09,1.3964,113.6862,12.69,1.1277,1.4232
2024-05-10,1.3973,113.2431,12.55,1.1295,1.4224
2024-05-13,1.3973,113.7593,13.6,1.1286,1.4222
2024-05-14,1.3975,113.6931,13.42,1.1264,1.4225
2024-05-15,1.3963,113.6031,12.45,1.1242,1.4241
2024-05-16,1.3961,113.3599,12.42,1.126,1.4245
2024-05-17,1.3953,112.922,11.99,1.128,1.4246
2024-05-20,1.3953,112.922,12.15,1.1294,1.4249
2024-05-21,1.3964,114.0381,11.86,1.128,1.4248
2024-05-22,1.3967,114.424,12.29,1.1272,1.4243
2024-05-23,1.396,114.7811,12.77,1.1291,1.4237
2024-05-24,1.3957,115.528,11.93,1.128,1.4241
2024-05-27,1.3951,116.226,12.36,1.128,1.4241
2024-05-28,1.3955,117.213,12.92,1.1322,1.4239
2024-05-29,1.3958,117.7025,14.28,1.133,1.4231
2024-05-30,1.3959,117.0709,14.47,1.1294,1.4243
2024-05-31,1.3949,116.9017,12.92,1.1277,1.4252
2024-06-03,1.3938,118.5969,13.11,1.1255,1.4263
2024-06-04,1.3934,118.3659,13.16,1.1219,1.4257
2024-06-05,1.3932,117.8653,12.63,1.1208,1.4254
2024-06-06,1.3934,117.6691,12.58,1.121,1.4246
2024-06-07,1.3944,117.5051,12.22,1.1279,1.4245
2024-06-10,1.3951,114.7891,12.74,1.1294,1.4244
2024-06-11,1.3942,118.3345,12.85,1.1257,1.4246
2024-06-12,1.3928,118.4276,12.04,1.127,1.4258
2024-06-13,1.3922,118.7067,11.94,1.1209,1.4249
2024-06-14,1.3907,120.0037,12.66,1.116,1.423
2024-06-17,1.3906,120.9903,12.75,1.1197,1.4221
2024-06-18,1.3903,120.9823,12.3,1.1177,1.4227
2024-06-19,1.391,120.4081,12.48,1.1177,1.4227
2024-06-20,1.3917,120.6314,13.28,1.1201,1.4214
2024-06-21,1.3918,120.6348,13.2,1.1203,1.4213
2024-06-24,1.3922,120.6286,13.33,1.1202,1.4223
2024-06-25,1.3924,120.6766,12.84,1.1198,1.4211
2024-06-26,1.3935,120.6997,12.55,1.1236,1.4201
2024-06-27,1.3933,120.9534,12.24,1.1215,1.4207
2024-06-28,1.3925,120.2679,12.44,1.127,1.4199
2024-07-01,1.3925,121.613,12.22,1.1319,1.4205
2024-07-02,1.3958,122.1411,12.03,1.129,1.4228
2024-07-03,1.395,121.8204,12.09,1.1252,1.4241
2024-07-04,1.3963,121.397,12.26,1.1252,1.4241
